P1_26Nov2017_v10,,,,,,,,,,,,,,,,,,,,,,,,,,,,,,,,,,,,,,,,,,,,,,,,,,,,,,,,,,,,,,,,,,,,,,,,,,,,,,,,,,,,,,,,,,,,,,,,,,,,,,,,,,,,,,,,,,,,,,,,,,,,,,,,,,,,,,,,,,,,,,,,,,,,,,,,,,,,,,,,,,,,,,,,,,,,,,,,,,,,,,,,,,,,,,,,,,,,,,,,,,,,,,,,,,,,,,,,,,,,,,,,,,,,,,,,,,,,,,,,,,,,,
30,,,,,,,,,,,,,,,,,,,,,,,,,,,,,,,,,,,,,,,,,,,,,,,,,,,,,,,,,,,,,,,,,,,,,,,,,,,,,,,,,,,,,,,,,,,,,,,,,,,,,,,,,,,,,,,,,,,,,,,,,,,,,,,,,,,,,,,,,,,,,,,,,,,,,,,,,,,,,,,,,,,,,,,,,,,,,,,,,,,,,,,,,,,,,,,,,,,,,,,,,,,,,,,,,,,,,,,,,,,,,,,,,,,,,,,,,,,,,,,,,,,,,
0.00315957446808511,0.00315957446808511,0.00315957446808511,0.00315957446808511,0.00315957446808511,0.00315957446808511,0.00315957446808511,0.00315957446808511,0.00315957446808511,0.00315957446808511,0.00315957446808511,0.00315957446808511,0.00315957446808511,0.00315957446808511,0.00315957446808511,0.00315957446808511,0.00315957446808511,0.00315957446808511,0.00315957446808511,0.00315957446808511,0.00315957446808511,0.00315957446808511,0.00315957446808511,0.00315957446808511,0.00315957446808511,0.00315957446808511,0.00315957446808511,0.00315957446808511,0.00315957446808511,0.00315957446808511,0.00315957446808511,0.00315957446808511,0.00315957446808511,0.00315957446808511,0.00315957446808511,0.00315957446808511,0.00315957446808511,0.00315957446808511,0.00315957446808511,0.00315957446808511,0.00315957446808511,0.00315957446808511,0.00315957446808511,0.00315957446808511,0.00315957446808511,0.00315957446808511,0.00315957446808511,0.00315957446808511,0.00316573348264278,0.00317189249720045,0.00317805151175812,0.00318421052631579,0.00319036954087346,0.00319652855543113,0.0032026875699888,0.00320884658454647,0.00321500559910414,0.00322116461366181,0.00322732362821949,0.00323348264277716,0.00323964165733483,0.0032458006718925,0.00325195968645017,0.00325811870100784,0.00326427771556551,0.00327043673012318,0.00327659574468085,0.00327659574468085,0.00327659574468085,0.00327659574468085,0.00327659574468085,0.00327659574468085,0.00327659574468085,0.00327659574468085,0.00327659574468085,0.00327659574468085,0.00327659574468085,0.00327659574468085,0.00327659574468085,0.00327659574468085,0.00327659574468085,0.00327659574468085,0.00327659574468085,0.00327659574468085,0.00327659574468085,0.00327659574468085,0.00327659574468085,0.00327659574468085,0.00327659574468085,0.00327659574468085,0.00327659574468085,0.00327659574468085,0.00327659574468085,0.00327659574468085,0.00327659574468085,0.00327659574468085,0.00327659574468085,0.00327659574468085,0.00327659574468085,0.00327659574468085,0.00327659574468085,0.00327659574468085,0.00327659574468085,0.00327659574468085,0.00327659574468085,0.00327659574468085,0.00327659574468085,0.00327659574468085,0.00327659574468085,0.00327659574468085,0.00327659574468085,0.00327659574468085,0.00327659574468085,0.00327659574468085,0.00327659574468085,0.00327659574468085,0.00327659574468085,0.00327659574468085,0.00327659574468085,0.00327659574468085,0.00327659574468085,0.00327659574468085,0.00327659574468085,0.00327659574468085,0.00327659574468085,0.00327659574468085,0.00327659574468085,0.00327659574468085,0.00327659574468085,0.00327659574468085,0.00327659574468085,0.00327659574468085,0.00327659574468085,0.00327659574468085,0.00327659574468085,0.00327659574468085,0.00328275475923852,0.00328891377379619,0.00329507278835386,0.00330123180291153,0.0033073908174692,0.00331354983202688,0.00331970884658455,0.00332586786114222,0.00333202687569989,0.00333818589025756,0.00334434490481523,0.0033505039193729,0.00335666293393057,0.00336282194848824,0.00336898096304591,0.00337513997760358,0.00338129899216125,0.00338745800671892,0.00339361702127659,0.00339361702127659,0.00339361702127659,0.00339361702127659,0.00339361702127659,0.00339977603583427,0.00340593505039194,0.00341209406494961,0.00341825307950728,0.00342441209406495,0.00343057110862262,0.00343673012318029,0.00344288913773796,0.00344904815229563,0.0034552071668533,0.00346136618141098,0.00346752519596865,0.00347368421052632,0.00347984322508399,0.00348600223964166,0.00349216125419933,0.003498320268757,0.00350447928331467,0.00351679731243001,0.00352295632698768,0.00352911534154535,0.00353527435610302,0.00354143337066069,0.00354759238521836,0.00355375139977603,0.00355991041433371,0.00356606942889138,0.00357222844344905,0.00357838745800672,0.00358454647256439,0.00359070548712206,0.00359686450167973,0.0036030235162374,0.00360918253079507,0.00361534154535274,0.00362150055991041,0.00362765957446808,0.00362765957446808,0.00362765957446808,0.00362765957446808,0.00362765957446808,0.00362765957446808,0.00362765957446808,0.00362765957446808,0.00362765957446808,0.00363381858902575,0.00363997760358343,0.0036461366181411,0.00365229563269877,0.00365845464725644,0.00366461366181411,0.00367077267637178,0.00367693169092945,0.00368309070548712,0.00368924972004479,0.00368924972004479,0.00368924972004479,0.00368924972004479,0.00368924972004479,0.00368924972004479,0.00368924972004479,0.00368924972004479,0.00368924972004479,0.00368924972004479,0.00368309070548712,0.00367693169092945,0.00367077267637178,0.00366461366181411,0.00365845464725644,0.00365229563269877,0.0036461366181411,0.00363997760358343,0.00362765957446808,0.00361534154535274,0.00360918253079507,0.0036030235162374,0.00359686450167973,0.00359070548712206,0.00358635794743429,0.00358085106382979,0.00357364975450082,0.00356382978723404,0.00354964539007092,0.0035273556231003,0.00351063829787234,0.00351063829787234,0.00351063829787234
0.00702127659574468,0.0076063829787234,0.00814468085106383,0.008709726443769,0.00928368794326241,0.00986170212765957,0.0104418985270049,0.0110234042553191,0.0116057571964956,0.0121763717805151,0.0127491601343785,0.0133219484882419,0.0138947368421053,0.0144736842105263,0.0150526315789474,0.0156315789473684,0.0162105263157895,0.0167894736842105,0.0173684210526316,0.017941209406495,0.0185139977603583,0.0190867861142217,0.0196595744680851,0.0202323628219485,0.0208051511758119,0.0213779395296753,0.0219507278835386,0.0225296752519597,0.0231086226203807,0.0236875699888018,0.0242603583426652,0.0248331466965286,0.0254059350503919,0.0259787234042553,0.0265515117581187,0.0271243001119821,0.0276970884658455,0.0282698768197088,0.0288488241881299,0.0294277715565509,0.0300005599104143,0.0305733482642777,0.0311461366181411,0.0317189249720045,0.0322917133258679,0.0328645016797312,0.0334372900335946,0.034010078387458,0.0345828667413214,0.0351618141097424,0.0357407614781635,0.0363197088465845,0.0368986562150056,0.0374776035834266,0.03805039193729,0.0386231802911534,0.0391898096304591,0.0397502799552072,0.0402984322508399,0.0408465845464726,0.0413824188129899,0.0419120940649496,0.0424294512877939,0.0429344904815229,0.0434210526315789,0.0438952967525196,0.0443572228443449,0.0448006718924972,0.0452318029115342,0.0456444568868981,0.0460447928331467,0.0464266517357223,0.0467961926091825,0.0471534154535274,0.0474921612541993,0.0478247480403135,0.0481450167973124,0.0484591265397536,0.0487670772676372,0.049068868980963,0.0493645016797312,0.0496539753639418,0.0499434490481523,0.0502329227323628,0.0505223964165733,0.0508057110862262,0.0510951847704367,0.0513846584546473,0.0516802911534155,0.051969764837626,0.0522653975363942,0.0525610302351624,0.0528628219484882,0.0531707726763718,0.0534787234042553,0.0537928331466965,0.0541131019036954,0.0544333706606943,0.0547597984322508,0.0550862262038074,0.0554188129899216,0.0557513997760358,0.0560963045912654,0.056441209406495,0.0567922732362822,0.0571433370660694,0.0574944008958567,0.0578516237402016,0.0582150055991041,0.0585783874580067,0.058947928331467,0.0593174692049272,0.0596870100783874,0.0600627099664054,0.0604384098544233,0.0608141097424412,0.0611959686450168,0.0615778275475924,0.061959686450168,0.0623477043673012,0.0627357222844345,0.0631237402015677,0.063511758118701,0.0638997760358343,0.0642939529675252,0.0646881298992161,0.065082306830907,0.065476483762598,0.0658706606942889,0.0662648376259798,0.0666590145576708,0.0670593505039194,0.0674535274356103,0.0678538633818589,0.0682541993281075,0.0686545352743561,0.0690548712206047,0.069461366181411,0.0698617021276596,0.0702681970884658,0.0706685330347144,0.0710750279955207,0.071481522956327,0.0718818589025756,0.0722883538633819,0.0726886898096304,0.0730951847704367,0.073501679731243,0.0739081746920493,0.0743146696528555,0.0747211646136618,0.0751276595744681,0.0755341545352743,0.0759406494960806,0.0763471444568869,0.0767536394176932,0.0771601343784994,0.0775666293393057,0.077973124300112,0.0783857782754759,0.0787922732362822,0.0791987681970885,0.0796114221724524,0.0800240761478163,0.0804367301231803,0.0808493840985442,0.0812620380739082,0.0816746920492721,0.0820873460246361,0.0825,0.0829126539753639,0.0833253079507279,0.0837379619260918,0.0841506159014558,0.0845632698768197,0.0849759238521837,0.0853885778275476,0.0858012318029115,0.0862138857782755,0.0866265397536394,0.087045352743561,0.087458006718925,0.0878706606942889,0.0882833146696528,0.0886959686450168,0.0891086226203807,0.0895212765957447,0.0899339305711086,0.0903465845464726,0.0907653975363942,0.0911780515117581,0.0915968645016797,0.0920095184770437,0.0924283314669653,0.0928409854423292,0.0932597984322508,0.0936786114221724,0.0940912653975364,0.094510078387458,0.0949227323628219,0.0953415453527435,0.0957541993281075,0.0961730123180291,0.096585666293393,0.0970044792833147,0.0974232922732363,0.0978421052631579,0.0982609182530795,0.0986735722284434,0.099092385218365,0.099505039193729,0.0999238521836506,0.100342665173572,0.100761478163494,0.101180291153415,0.101592945128779,0.102011758118701,0.102424412094065,0.102843225083987,0.103255879059351,0.103674692049272,0.104093505039194,0.104512318029115,0.104931131019037,0.105343784994401,0.105762597984322,0.106175251959686,0.106594064949608,0.10701287793953,0.107431690929451,0.107850503919373,0.108263157894737,0.108681970884658,0.10910078387458,0.109519596864502,0.109938409854423,0.110357222844345,0.110777847309136,0.111193617021277,0.111611292962357,0.112031914893617,0.112457446808511,0.11287537993921,0.1133,0.113705673758865,0.114095744680851
0.0175531914893617,0.0169848024316109,0.017063829787234,0.0171596913724573,0.0172078036141668,0.0171631205673759,0.0172000746547219,0.0172704633925239,0.0172916777760003,0.0173015428642528,0.0173010164527522,0.0172946708013897,0.0172847309136421,0.0172929429330523,0.0173068309070549,0.0173068309070549,0.0173068309070549,0.0172965658827921,0.0172760358342665,0.0172555057857409,0.0172349757372154,0.0172144456886898,0.017204180664427,0.0172144456886898,0.0172349757372154,0.0172452407614782,0.0172452407614782,0.0172452407614782,0.0172452407614782,0.0172452407614782,0.0172452407614782,0.0172349757372154,0.0172144456886898,0.017204180664427,0.0172144456886898,0.0172247107129526,0.0172247107129526,0.0172247107129526,0.0172247107129526,0.0172247107129526,0.0172247107129526,0.0172247107129526,0.0172144456886898,0.0171939156401642,0.0171939156401642,0.0172144456886898,0.0172349757372154,0.0172555057857409,0.0172760358342665,0.0172863008585293,0.0172863008585293,0.0172760358342665,0.0172452407614782,0.0171733855916387,0.0170707353490108,0.0169475550578574,0.0167935796939157,0.0166088092571855,0.016393243747667,0.0161366181410974,0.0158389324374766,0.0155207166853303,0.0151819708846585,0.0148124300111982,0.0144120940649496,0.0139912280701755,0.0135498320268757,0.0130981709593132,0.0126567749160134,0.0122153788727137,0.011773982829414,0.0113531168346398,0.0109527808883911,0.0105832400149309,0.010244494214259,0.00993654348637548,0.00965938783128031,0.0094130272489735,0.00921799178798061,0.00906401642403885,0.00893057110862265,0.00882792086599481,0.00875606569615531,0.00871500559910417,0.00869447555057861,0.0086944755505786,0.00871500559910418,0.0087458006718925,0.0087971257932064,0.0088689809630459,0.00895110115714817,0.00904348637551324,0.00913587159387832,0.00923852183650617,0.00935143710339679,0.0094643523702874,0.00957726763717804,0.0096901829040687,0.0098133631952221,0.0099365434863755,0.0100494587532661,0.010152108995894,0.0102547592385218,0.0103676745054124,0.0104805897723031,0.0105935050391937,0.0106961552818216,0.0107782754759238,0.0108603956700261,0.0109425158641284,0.0110246360582307,0.011106756252333,0.0111786114221725,0.0112402015677492,0.0113017917133259,0.0113633818589026,0.0114249720044793,0.0114762971257932,0.0115173572228444,0.0115686823441583,0.0116200074654722,0.0116610675625233,0.0117021276595744,0.0117329227323628,0.0117534527808884,0.0117739828294139,0.0118047779022023,0.0118355729749906,0.0118561030235162,0.0118766330720418,0.0118971631205674,0.011917693169093,0.0119484882418813,0.0119792833146697,0.012010078387458,0.0120306084359836,0.0120511384845091,0.0120819335572975,0.0120921985815603,0.0121024636058231,0.0121127286300859,0.0121127286300858,0.0121229936543486,0.0121332586786115,0.0121435237028742,0.012153788727137,0.012153788727137,0.0121640537513998,0.0121743187756626,0.0121845837999253,0.0121948488241881,0.0121948488241881,0.0121948488241881,0.0121948488241881,0.0122051138484509,0.0122153788727138,0.0122153788727137,0.0122256438969765,0.012246173945502,0.0122667039940276,0.0122872340425531,0.0123077640910788,0.0123282941396044,0.0123385591638671,0.0123488241881299,0.0123693542366554,0.0123796192609182,0.0123796192609183,0.0123796192609183,0.0123796192609183,0.0123796192609183,0.0123796192609182,0.0123796192609182,0.0123796192609182,0.0123796192609183,0.0123898842851811,0.0124001493094438,0.0124001493094438,0.0124001493094437,0.0124001493094437,0.0124001493094438,0.0124001493094438,0.0124001493094438,0.0124001493094438,0.0124001493094438,0.0124001493094438,0.0124104143337066,0.0124206793579694,0.0124309443822322,0.012441209406495,0.0124514744307578,0.0124720044792834,0.0124822695035461,0.0124822695035461,0.0124822695035461,0.0124822695035461,0.012482269503546,0.012482269503546,0.012482269503546,0.0124822695035461,0.0124822695035461,0.0124925345278088,0.0125027995520716,0.0125027995520716,0.0125027995520717,0.0125027995520717,0.0125027995520718,0.0125130645763346,0.0125233296005973,0.0125233296005973,0.0125130645763345,0.0125027995520717,0.0125027995520717,0.0125027995520717,0.0125027995520717,0.0125027995520717,0.0125027995520717,0.0125027995520716,0.0125027995520716,0.0125027995520716,0.0125027995520716,0.0125027995520716,0.0125027995520716,0.0125130645763344,0.0125233296005971,0.0125233296005972,0.0125130645763344,0.0125027995520717,0.0125130645763345,0.0125233296005972,0.01253359462486,0.0125438596491229,0.012546878773906,0.0125448257690534,0.0125378585580153,0.0125492434031068,0.0125737215378873,0.0125834533141365,0.0125916653335467,0.0125794450665672,0.0125096429015802,0.0124108168836777,0.0123785363572598,0.0122765957446808,0.012030901722391,0.0117021276595744
-1.30104260698261e-17,0,6.16297582203916e-34,-3.71726459137887e-18,-2.89120579329468e-18,-7.22801448323669e-19,-7.22801448323669e-19,-2.16840434497101e-18,-2.89120579329468e-18,-2.16840434497101e-18,-7.2280144832367e-19,7.2280144832367e-19,1.44560289664734e-18,7.2280144832367e-19,0,0,0,0,0,0,0,0,0,0,0,0,0,0,0,0,0,0,0,0,0,0,0,0,0,0,0,0,0,1.0265024262785e-05,3.07950727883549e-05,5.13251213139248e-05,7.18551698394948e-05,9.23852183650647e-05,0.000112915266890635,0.000133445315416205,0.000153975363941774,0.000174505412467343,0.000184770436730127,0.000184770436730127,0.000184770436730126,0.000184770436730125,0.000184770436730124,0.000184770436730124,0.000184770436730123,0.000184770436730123,0.000184770436730123,0.000184770436730123,0.000174505412467339,0.000153975363941769,0.0001334453154162,0.000112915266890631,9.23852183650617e-05,7.18551698394926e-05,5.13251213139233e-05,3.07950727883541e-05,1.0265024262785e-05,0,0,0,0,0,0,0,0,0,0,0,0,0,0,0,0,0,0,0,0,0,0,0,0,0,0,0,0,0,0,0,0,0,0,0,0,0,0,0,0,0,0,0,0,0,0,0,0,0,0,0,0,0,0,0,0,0,0,0,0,1.02650242627843e-05,3.07950727883528e-05,5.13251213139214e-05,7.18551698394897e-05,9.2385218365058e-05,0.000112915266890627,0.000133445315416195,0.000153975363941764,0.000174505412467333,0.000184770436730118,0.000184770436730118,0.000184770436730119,0.00018477043673012,0.000184770436730121,0.000184770436730122,0.000184770436730123,0.000184770436730124,0.000184770436730124,0.000184770436730123,0.000174505412467339,0.00015397536394177,0.0001334453154162,0.000112915266890631,0.000102650242627847,0.000102650242627847,0.000102650242627847,0.000102650242627848,0.000102650242627849,0.000112915266890634,0.000133445315416204,0.000153975363941774,0.000174505412467344,0.000184770436730129,0.000184770436730128,0.000184770436730127,0.000184770436730127,0.000184770436730126,0.000184770436730125,0.000184770436730124,0.000184770436730123,0.000184770436730122,0.000195035460992906,0.00020530048525569,0.000205300485255689,0.000205300485255689,0.000205300485255688,0.000205300485255687,0.000205300485255686,0.000205300485255686,0.000205300485255686,0.000195035460992902,0.000184770436730119,0.000184770436730119,0.00018477043673012,0.000184770436730121,0.000184770436730121,0.000184770436730122,0.000184770436730123,0.000184770436730124,0.000184770436730124,0.000174505412467339,0.000153975363941769,0.0001334453154162,0.000112915266890631,9.23852183650618e-05,7.18551698394921e-05,5.13251213139228e-05,3.07950727883536e-05,2.05300485255693e-05,3.0795072788355e-05,5.1325121313925e-05,7.18551698394947e-05,9.23852183650645e-05,0.000112915266890634,0.000133445315416204,0.000153975363941774,0.000174505412467344,0.000184770436730129,0.000174505412467343,0.000153975363941772,0.000133445315416202,0.000112915266890631,9.23852183650605e-05,7.18551698394898e-05,5.13251213139191e-05,3.07950727883491e-05,1.02650242627791e-05,-1.02650242627899e-05,-3.07950727883585e-05,-5.1325121313927e-05,-7.18551698394956e-05,-9.23852183650642e-05,-0.000112915266890633,-0.000133445315416201,-0.00015397536394177,-0.000184770436730123,-0.000215565509518476,-0.00022583053378126,-0.000225830533781259,-0.000225830533781259,-0.000225830533781258,-0.000222811408998088,-0.000218705399292976,-0.000219355672323198,-0.000216929393861084,-0.000215876570859772,-0.000245871771627649,-0.000290353543433051,-0.000297685703620755,-0.000277155655095187,-0.000259644731352788,-0.000285480476969836,-0.000276595744680852,-8.35866261398192e-05,0
0.966666666666667,1,1.03333333333333,1.06666666666667,1.1,1.13333333333333,1.16666666666667,1.2,1.23333333333333,1.26666666666667,1.3,1.33333333333333,1.36666666666667,1.4,1.43333333333333,1.46666666666667,1.5,1.53333333333333,1.56666666666667,1.6,1.63333333333333,1.66666666666667,1.7,1.73333333333333,1.76666666666667,1.8,1.83333333333333,1.86666666666667,1.9,1.93333333333333,1.96666666666667,2,2.03333333333333,2.06666666666667,2.1,2.13333333333333,2.16666666666667,2.2,2.23333333333333,2.26666666666667,2.3,2.33333333333333,2.36666666666667,2.4,2.43333333333333,2.46666666666667,2.5,2.53333333333333,2.56666666666667,2.6,2.63333333333333,2.66666666666667,2.7,2.73333333333333,2.76666666666667,2.8,2.83333333333333,2.86666666666667,2.9,2.93333333333333,2.96666666666667,3,3.03333333333333,3.06666666666667,3.1,3.13333333333333,3.16666666666667,3.2,3.23333333333333,3.26666666666667,3.3,3.33333333333333,3.36666666666667,3.4,3.43333333333333,3.46666666666667,3.5,3.53333333333333,3.56666666666667,3.6,3.63333333333333,3.66666666666667,3.7,3.73333333333333,3.76666666666667,3.8,3.83333333333333,3.86666666666667,3.9,3.93333333333333,3.96666666666667,4,4.03333333333333,4.06666666666667,4.1,4.13333333333333,4.16666666666667,4.2,4.23333333333333,4.26666666666667,4.3,4.33333333333333,4.36666666666667,4.4,4.43333333333333,4.46666666666667,4.5,4.53333333333333,4.56666666666667,4.6,4.63333333333333,4.66666666666667,4.7,4.73333333333333,4.76666666666667,4.8,4.83333333333333,4.86666666666667,4.9,4.93333333333333,4.96666666666667,5,5.03333333333333,5.06666666666667,5.1,5.13333333333333,5.16666666666667,5.2,5.23333333333333,5.26666666666667,5.3,5.33333333333333,5.36666666666667,5.4,5.43333333333333,5.46666666666667,5.5,5.53333333333333,5.56666666666667,5.6,5.63333333333333,5.66666666666667,5.7,5.73333333333333,5.76666666666667,5.8,5.83333333333333,5.86666666666667,5.9,5.93333333333333,5.96666666666667,6,6.03333333333333,6.06666666666667,6.1,6.13333333333333,6.16666666666667,6.2,6.23333333333333,6.26666666666667,6.3,6.33333333333333,6.36666666666667,6.4,6.43333333333333,6.46666666666667,6.5,6.53333333333333,6.56666666666667,6.6,6.63333333333333,6.66666666666667,6.7,6.73333333333333,6.76666666666667,6.8,6.83333333333333,6.86666666666667,6.9,6.93333333333333,6.96666666666667,7,7.03333333333333,7.06666666666667,7.1,7.13333333333333,7.16666666666667,7.2,7.23333333333333,7.26666666666667,7.3,7.33333333333333,7.36666666666667,7.4,7.43333333333333,7.46666666666667,7.5,7.53333333333333,7.56666666666667,7.6,7.63333333333333,7.66666666666667,7.7,7.73333333333333,7.76666666666667,7.8,7.83333333333333,7.86666666666667,7.9,7.93333333333333,7.96666666666667,8,8.03333333333333,8.06666666666667,8.1,8.13333333333333,8.16666666666667,8.2,8.23333333333333,8.26666666666667,8.3,8.33333333333333,8.36666666666667,8.4,8.43333333333333,8.46666666666667,8.5,8.53333333333333,8.56666666666667,8.6,8.63333333333333,8.66666666666667,8.7,8.73333333333333,8.76666666666667,8.8,8.83333333333333,8.86666666666667,8.9,8.93333333333333,8.96666666666667,9,9.03333333333333,9.06666666666667,9.1,9.13333333333333
0.0333333333333333,,,,,,,,,,,,,,,,,,,,,,,,,,,,,,,,,,,,,,,,,,,,,,,,,,,,,,,,,,,,,,,,,,,,,,,,,,,,,,,,,,,,,,,,,,,,,,,,,,,,,,,,,,,,,,,,,,,,,,,,,,,,,,,,,,,,,,,,,,,,,,,,,,,,,,,,,,,,,,,,,,,,,,,,,,,,,,,,,,,,,,,,,,,,,,,,,,,,,,,,,,,,,,,,,,,,,,,,,,,,,,,,,,,,,,,,,,,,,,,,,,,,,
0.000839,,,,,,,,,,,,,,,,,,,,,,,,,,,,,,,,,,,,,,,,,,,,,,,,,,,,,,,,,,,,,,,,,,,,,,,,,,,,,,,,,,,,,,,,,,,,,,,,,,,,,,,,,,,,,,,,,,,,,,,,,,,,,,,,,,,,,,,,,,,,,,,,,,,,,,,,,,,,,,,,,,,,,,,,,,,,,,,,,,,,,,,,,,,,,,,,,,,,,,,,,,,,,,,,,,,,,,,,,,,,,,,,,,,,,,,,,,,,,,,,,,,,,
1083.2486,,,,,,,,,,,,,,,,,,,,,,,,,,,,,,,,,,,,,,,,,,,,,,,,,,,,,,,,,,,,,,,,,,,,,,,,,,,,,,,,,,,,,,,,,,,,,,,,,,,,,,,,,,,,,,,,,,,,,,,,,,,,,,,,,,,,,,,,,,,,,,,,,,,,,,,,,,,,,,,,,,,,,,,,,,,,,,,,,,,,,,,,,,,,,,,,,,,,,,,,,,,,,,,,,,,,,,,,,,,,,,,,,,,,,,,,,,,,,,,,,,,,,
0.0087,,,,,,,,,,,,,,,,,,,,,,,,,,,,,,,,,,,,,,,,,,,,,,,,,,,,,,,,,,,,,,,,,,,,,,,,,,,,,,,,,,,,,,,,,,,,,,,,,,,,,,,,,,,,,,,,,,,,,,,,,,,,,,,,,,,,,,,,,,,,,,,,,,,,,,,,,,,,,,,,,,,,,,,,,,,,,,,,,,,,,,,,,,,,,,,,,,,,,,,,,,,,,,,,,,,,,,,,,,,,,,,,,,,,,,,,,,,,,,,,,,,,,
3.8,,,,,,,,,,,,,,,,,,,,,,,,,,,,,,,,,,,,,,,,,,,,,,,,,,,,,,,,,,,,,,,,,,,,,,,,,,,,,,,,,,,,,,,,,,,,,,,,,,,,,,,,,,,,,,,,,,,,,,,,,,,,,,,,,,,,,,,,,,,,,,,,,,,,,,,,,,,,,,,,,,,,,,,,,,,,,,,,,,,,,,,,,,,,,,,,,,,,,,,,,,,,,,,,,,,,,,,,,,,,,,,,,,,,,,,,,,,,,,,,,,,,,
0.0510951847704367,,,,,,,,,,,,,,,,,,,,,,,,,,,,,,,,,,,,,,,,,,,,,,,,,,,,,,,,,,,,,,,,,,,,,,,,,,,,,,,,,,,,,,,,,,,,,,,,,,,,,,,,,,,,,,,,,,,,,,,,,,,,,,,,,,,,,,,,,,,,,,,,,,,,,,,,,,,,,,,,,,,,,,,,,,,,,,,,,,,,,,,,,,,,,,,,,,,,,,,,,,,,,,,,,,,,,,,,,,,,,,,,,,,,,,,,,,,,,,,,,,,,,
0.0110951847704367,,,,,,,,,,,,,,,,,,,,,,,,,,,,,,,,,,,,,,,,,,,,,,,,,,,,,,,,,,,,,,,,,,,,,,,,,,,,,,,,,,,,,,,,,,,,,,,,,,,,,,,,,,,,,,,,,,,,,,,,,,,,,,,,,,,,,,,,,,,,,,,,,,,,,,,,,,,,,,,,,,,,,,,,,,,,,,,,,,,,,,,,,,,,,,,,,,,,,,,,,,,,,,,,,,,,,,,,,,,,,,,,,,,,,,,,,,,,,,,,,,,,,
0.9,,,,,,,,,,,,,,,,,,,,,,,,,,,,,,,,,,,,,,,,,,,,,,,,,,,,,,,,,,,,,,,,,,,,,,,,,,,,,,,,,,,,,,,,,,,,,,,,,,,,,,,,,,,,,,,,,,,,,,,,,,,,,,,,,,,,,,,,,,,,,,,,,,,,,,,,,,,,,,,,,,,,,,,,,,,,,,,,,,,,,,,,,,,,,,,,,,,,,,,,,,,,,,,,,,,,,,,,,,,,,,,,,,,,,,,,,,,,,,,,,,,,,
1.8667,,,,,,,,,,,,,,,,,,,,,,,,,,,,,,,,,,,,,,,,,,,,,,,,,,,,,,,,,,,,,,,,,,,,,,,,,,,,,,,,,,,,,,,,,,,,,,,,,,,,,,,,,,,,,,,,,,,,,,,,,,,,,,,,,,,,,,,,,,,,,,,,,,,,,,,,,,,,,,,,,,,,,,,,,,,,,,,,,,,,,,,,,,,,,,,,,,,,,,,,,,,,,,,,,,,,,,,,,,,,,,,,,,,,,,,,,,,,,,,,,,,,,
0.0172495086568706,,,,,,,,,,,,,,,,,,,,,,,,,,,,,,,,,,,,,,,,,,,,,,,,,,,,,,,,,,,,,,,,,,,,,,,,,,,,,,,,,,,,,,,,,,,,,,,,,,,,,,,,,,,,,,,,,,,,,,,,,,,,,,,,,,,,,,,,,,,,,,,,,,,,,,,,,,,,,,,,,,,,,,,,,,,,,,,,,,,,,,,,,,,,,,,,,,,,,,,,,,,,,,,,,,,,,,,,,,,,,,,,,,,,,,,,,,,,,,,,,,,,,
0.012516600865957,,,,,,,,,,,,,,,,,,,,,,,,,,,,,,,,,,,,,,,,,,,,,,,,,,,,,,,,,,,,,,,,,,,,,,,,,,,,,,,,,,,,,,,,,,,,,,,,,,,,,,,,,,,,,,,,,,,,,,,,,,,,,,,,,,,,,,,,,,,,,,,,,,,,,,,,,,,,,,,,,,,,,,,,,,,,,,,,,,,,,,,,,,,,,,,,,,,,,,,,,,,,,,,,,,,,,,,,,,,,,,,,,,,,,,,,,,,,,,,,,,,,,
10.2986907611795,9.96520937196194,10.0115758027677,10.0678191107647,10.0960472571404,10.0698311898404,10.0915127363844,10.132810865375,10.145257782038,10.1510459575566,10.1507373595748,10.1470146095686,10.1411831678518,10.146001822629,10.1541507992879,10.1541517251732,10.1541529227552,10.1481318415886,10.136088581232,10.1240458711781,10.1120038942097,10.0999628617169,10.0939456866674,10.0999753773718,10.1120297718089,10.1180641733451,10.1180793313498,10.1180991221119,10.1181247201152,10.118157829284,10.1182001374392,10.1122319392343,10.1002566636761,10.0943244300995,10.1004641993558,10.1066380098283,10.1068326078344,10.1070835949875,10.107411248922,10.1078349752717,10.1083763134619,10.1090743836878,10.1039494720453,10.0930578465051,10.0945511313431,10.1085312461292,10.1230726220712,10.138337080346,10.1545324453273,10.1659532692967,10.1729007568243,10.1758064242452,10.1691621521476,10.1415021584788,10.0994187618283,10.0500329330913,9.98799338450737,9.91426990117985,9.82933262883025,9.72897705880271,9.61274490600023,9.49422353851241,9.37272026482923,9.24128956173337,9.09711317419571,8.94579205954082,8.78485868375422,8.61627397621748,8.45238456394173,8.28192246868971,8.10420216461188,7.92950350876917,7.75866660817188,7.59844328402573,7.44727827233201,7.30904119468308,7.18273070417395,7.07065372783269,6.9891483605857,6.93161546344566,6.88326882416461,6.85274568831674,6.84179466396931,6.85098161140322,6.87273654393281,6.90674484991981,6.95485935650435,7.00844117197219,7.0765256313524,7.15831900918523,7.24683228411247,7.34174466537915,7.43525923419992,7.53577134708185,7.64308369149087,7.74922916920271,7.85425016354326,7.95799740694221,8.06921651184717,8.17938483019853,8.28029400869979,8.37185429481252,8.46282984064758,8.56152722081476,8.65965184904045,8.75718428759636,8.84571080611035,8.91684794872074,8.98760792280477,9.05799135882889,9.12808296330883,9.19788611986025,9.25893956306236,9.31129518633547,9.36345902730438,9.41545934097917,9.46733272995264,9.51057681342672,9.54520839432699,9.58826514624306,9.63124390239825,9.66564817454556,9.69999606911004,9.72578732018664,9.74303197203158,9.76024095658472,9.78592944800974,9.81159294661762,9.82872568913996,9.84584056028175,9.86294040348663,9.88002857330143,9.90561497951683,9.93119323760478,9.95676384871722,9.97381795839184,9.99086663329337,10.0164212151744,10.0249513293797,10.0334784523771,10.0420025994726,10.0420144712974,10.0505345711196,10.0590529323968,10.0675700706296,10.0760859921118,10.0760908457626,10.0846051124769,10.0931187152734,10.1016317634128,10.1101443481755,10.1101463216439,10.1101479689304,10.1101493439473,10.1186607193827,10.1271719067265,10.1271727077676,10.1356836061373,10.1527046251262,10.1697255598127,10.1867464110931,10.2037671990933,10.2207879379471,10.2292983997038,10.2378088232153,10.2548294467696,10.263339811982,10.2633399229508,10.2633400153249,10.2633400922203,10.2633401562305,10.2633402095148,10.2633402538704,10.2633402907936,10.2633403215296,10.2718505795757,10.2803608333697,10.2803608511286,10.2803608659117,10.2803608782176,10.2803608886007,10.2803608971048,10.2803609041838,10.2803609100767,10.2803609149821,10.2803609190656,10.2888711550165,10.2973813904025,10.3058916253178,10.3144018598678,10.3229120940599,10.3399325605592,10.3484427942516,10.348442795207,10.3484427959895,10.3484427966497,10.3484427971977,10.3484427976466,10.3484427980254,10.3484427983356,10.3484427985973,10.3569530313765,10.3654632641225,10.3654632642709,10.3654632643961,10.3654632645001,10.3654632645864,10.3739734972234,10.3824837298476,10.3824837298971,10.3739734973722,10.3654632648409,10.3654632648693,10.3654632648928,10.3654632649124,10.3654632649284,10.3654632649419,10.365463264953,10.3654632649623,10.36546326497,10.3654632649764,10.3654632649818,10.3654632649862,10.3739734975556,10.3824837301243,10.3824837301268,10.3739734975633,10.3654632649994,10.3739734975666,10.3824837301335,10.3909939627002,10.3995041952667,10.4020072048456,10.400305158333,10.3945289823839,10.4039676039571,10.4242612354603,10.4323293780228,10.4391375640757,10.429006334831,10.3711367533844,10.2892049065267,10.2624426914432,10.1779286855601,9.97423571648783,9.70166512488406
4.00585677220197,4.1018066430097,4.08811003679337,4.07165354452097,4.06345849552398,4.07106799244303,4.06477205649487,4.05284921757762,4.04927349440245,4.04761346031511,4.04770192096624,4.04876945439793,4.05044314122222,4.04906000670383,4.04672372544407,4.04672346019452,4.04672311710879,4.04844900109224,4.0519068096602,4.05537211634338,4.05884489373292,4.06232510578982,4.06406714232058,4.06232148438765,4.05883742265534,4.05709621224627,4.05709184087889,4.0570861335041,4.05707875143424,4.05706920331154,4.05705700244182,4.05877905646772,4.06224009645713,4.06395743502994,4.06218005038223,4.06039483838805,4.06033860165698,4.06026607204554,4.06017139251398,4.06004896017934,4.05989255874666,4.0596908978907,4.06117200327407,4.06432434524291,4.06389177213403,4.05984779904217,4.05565250530078,4.05126064985043,4.04661439450025,4.0433461824977,4.04136141299654,4.04053206529393,4.04242914997968,4.05035154114459,4.06248254905833,4.07683914260104,4.09506146524618,4.11699162423737,4.1426371882881,4.17347547471887,4.20994205433162,4.24798354239811,4.28791306999893,4.33220743186718,4.38217060500948,4.4362264117771,4.49562414521113,4.56006914720139,4.62502323041506,4.69513381321896,4.77116942898556,4.8490240454593,4.92833623091981,5.00576152132222,5.08167717377365,5.15368309658699,5.22175504768531,5.28407220551949,5.33057271080038,5.36401668398761,5.39252809376679,5.4107237832467,5.41728931284121,5.41178007249315,5.39878945394761,5.37863659323528,5.35044216818387,5.31947368602387,5.28076115344978,5.23517185296548,5.18692985757923,5.13641790054557,5.08783771253943,5.03688803368219,4.98388326261721,4.93281330623688,4.88356164565897,4.83610684481661,4.78650745040589,4.73862528804529,4.695816633517,4.65781170741975,4.62081319999586,4.58150782611297,4.54326273341824,4.50604393186756,4.47292705903138,4.44676127978774,4.42111862780402,4.39598411754395,4.37131396251147,4.34709460326314,4.32619085204492,4.30846905041608,4.29099623628621,4.27375812648138,4.25673822776963,4.24268208928602,4.23151107389673,4.21772736894813,4.20408329206725,4.19324283802517,4.18249168596264,4.17446537398983,4.16912088818989,4.16380500711355,4.15590221914213,4.14804563636259,4.1428219305877,4.13762058907036,4.13244061397092,4.12728086560765,4.11958609971647,4.11193070831556,4.10431423242154,4.09925470865014,4.0942128781388,4.08668552170631,4.08418084763221,4.08168101559109,4.07918600718925,4.07918253506961,4.07669265479136,4.07420720877604,4.07172603494268,4.06924912018844,4.06924770958192,4.06677517199861,4.06430671051552,4.06184228313781,4.05938185329738,4.05938128334432,4.05938080759528,4.05938041047992,4.05692418548762,4.05447185803861,4.05447162741532,4.05202321726431,4.04713808341766,4.04226819527741,4.03741347867704,4.03257385447776,4.02774924578699,4.0253425183219,4.02293952504905,4.01814473565978,4.01575287513491,4.01575284397091,4.01575281802894,4.01575279643397,4.01575277845761,4.01575276349348,4.01575275103684,4.0157527406675,4.0157527320357,4.01336458944096,4.01098012676124,4.01098012178926,4.01098011765043,4.01098011420511,4.01098011129815,4.01098010891726,4.01098010693532,4.01098010528549,4.01098010391211,4.01098010276887,4.00859931502166,4.00622218853976,4.00384871454002,4.00147888426464,3.99911268901135,3.99439116913538,3.99203582686848,3.99203582660427,3.99203582638788,3.9920358262053,3.99203582605373,3.99203582592959,3.99203582582484,3.99203582573905,3.99203582566667,3.98968408405643,3.98733593429673,3.98733593425581,3.98733593422129,3.98733593419262,3.98733593416882,3.98499136774766,3.98265037613268,3.98265037611905,3.9849913677067,3.98733593409866,3.98733593409083,3.98733593408433,3.98733593407893,3.98733593407451,3.9873359340708,3.98733593406775,3.98733593406518,3.98733593406307,3.98733593406129,3.9873359340598,3.98733593405858,3.98499136765622,3.98265037605663,3.98265037605592,3.98499136765409,3.98733593405495,3.98499136765319,3.9826503760541,3.98031295077931,3.97797908337766,3.97729332766603,3.97775960815335,3.97934306665153,3.97675644656156,3.97120980256595,3.96901019751806,3.96715655202747,3.96991577028268,3.98577249216546,4.00850602076831,4.0160048391897,4.03992659912273,4.09913097257584,4.181971067116
0.0173503423096573,0.0171462109716272,0.0171749098262908,0.0172095828720347,0.017226927910083,0.0172108202915623,0.0172241439403239,0.0172494605062653,0.017257074690497,0.0172606128304934,0.0172604238425014,0.0172581476920268,0.0172545810724052,0.0172575270354308,0.0172625068758018,0.0172625060762463,0.0172625050420652,0.0172588227988739,0.0172514541237869,0.0172440781121638,0.0172366945912428,0.0172293033630339,0.0172256022661612,0.0172292925238041,0.0172366721942593,0.0172403532170062,0.0172403401020435,0.0172403229787622,0.0172403008310005,0.0172402721845315,0.0172402355790845,0.0172364972204245,0.0172290489173613,0.0172252741529688,0.0172288691854486,0.0172324330883916,0.0172322646193939,0.017232047336253,0.0172317636875854,0.0172313968794868,0.017230928274607,0.017230324023293,0.0172258512454909,0.0172174551350954,0.0172161615938249,0.0172218849999776,0.0172271184990329,0.0172317234745969,0.0172355221674907,0.0172345541202601,0.0172285626143441,0.017217171984122,0.0171962243457834,0.0171577311083118,0.0171047387125698,0.0170398424857092,0.0169584550573232,0.0168593647362557,0.0167416977811909,0.01659932713962,0.0164317380969713,0.0162446999946662,0.0160380628229525,0.0158074632725755,0.0155541227864243,0.0152815224196233,0.0149906550281219,0.0146888070357842,0.0143849135025277,0.0140787215151085,0.0137705220282697,0.0134729676392012,0.0131861149977437,0.0129161784760366,0.0126662330578584,0.0124338936805948,0.0122216356897756,0.0120284958790582,0.0118649892460069,0.0117266391826981,0.0116035384129803,0.0115006596397933,0.0114168658246838,0.011352126117236,0.0113012236631117,0.0112647012193127,0.0112406972215284,0.011224732763471,0.0112209170953236,0.0112300396345505,0.0112457271324184,0.0112682266522028,0.0112920917375765,0.0113219846516119,0.0113579926907117,0.0113949302486491,0.0114327331305004,0.0114715313624458,0.0115154708041183,0.0115600755067217,0.0116007054435716,0.0116375386805197,0.0116746799739488,0.0117165590639261,0.0117586586661063,0.0118009926258018,0.0118393228020402,0.0118694941051464,0.0118998508084944,0.0119303897441719,0.0119610296045527,0.011991765831541,0.012018542057633,0.0120413675707774,0.0120642746296429,0.0120872365912609,0.0121102195375937,0.0121292849041732,0.0121444573170837,0.0121635754250305,0.0121826988091705,0.0121979315092945,0.012213173610612,0.0122245508590055,0.0122320776031081,0.0122396261961246,0.0122510419067314,0.012262456878212,0.0122700328600442,0.0122776146112566,0.0122851995807989,0.012292784772792,0.0123041842691223,0.0123155681185662,0.0123269359432697,0.0123344956347208,0.0123420500742636,0.0123533791952808,0.0123571400335569,0.012360901020203,0.0123646621414223,0.0123646516723662,0.0123684138772485,0.0123721751251347,0.0123759349633934,0.0123796933884397,0.012379689116526,0.0123834465177027,0.0123872020231018,0.0123909555393474,0.0123947069890365,0.0123947052554288,0.012394703808358,0.0123947026004645,0.0123984526435621,0.012402200383658,0.0124021996806508,0.0124059452098022,0.0124134295684852,0.0124209041810259,0.0124283690738816,0.0124358242565903,0.0124432697438691,0.0124469887635054,0.012450705392123,0.0124581315843283,0.0124618410105894,0.0124618409139389,0.0124618408334839,0.0124618407665104,0.0124618407107594,0.0124618406643503,0.0124618406257179,0.0124618405935589,0.0124618405667888,0.0124655476755287,0.0124692523801945,0.0124692523647416,0.0124692523518781,0.01246925234117,0.0124692523321353,0.0124692523247355,0.0124692523185757,0.012469252313448,0.0124692523091796,0.0124692523056264,0.0124729546214012,0.0124766545365326,0.0124803520542562,0.0124840471777908,0.0124877399104332,0.0124951182169229,0.0124988037961399,0.0124988037953116,0.0124988037946333,0.012498803794061,0.0124988037935859,0.0124988037931967,0.0124988037928684,0.0124988037925995,0.0124988037923726,0.0125024869943231,0.0125061678215105,0.012506167821382,0.0125061678212736,0.0125061678211836,0.0125061678211089,0.0125098462768602,0.0125135223643464,0.0125135223643035,0.0125098462767314,0.0125061678208885,0.0125061678208638,0.0125061678208434,0.0125061678208265,0.0125061678208126,0.0125061678208009,0.0125061678207913,0.0125061678207832,0.0125061678207765,0.012506167820771,0.0125061678207663,0.0125061678207625,0.0125098462765725,0.0125135223641068,0.0125135223641046,0.0125098462765659,0.0125061678207511,0.0125098462765631,0.0125135223640989,0.0125171960866059,0.0125208674473244,0.0125219468102955,0.0125212128656684,0.0125187213999472,0.0125227920430652,0.0125315343704558,0.0125350063454479,0.0125379344810198,0.0125335765912135,0.0125086203879222,0.0124730997467234,0.0124614492113113,0.0124245002237866,0.0123344494114873,0.012211672640055
2.60208521396521e-16,1.76570068090497e-16,3.20097784257625e-17,-1.80700362080917e-17,1.13583084736577e-17,1.85863229568944e-17,-7.2280144832367e-18,-1.80700362080917e-17,0,2.52980506913284e-17,3.61400724161835e-17,2.52980506913284e-17,3.61400724161835e-18,-1.0842021724855e-17,-1.0842021724855e-17,-3.61400724161835e-18,0,0,0,0,0,0,0,0,0,0,0,0,0,0,0,0,0,0,0,0,0,0,0,0,0,5.13251213139247e-05,0.0002053004852557,0.0004106009705114,0.000564576334453171,0.000615901455767096,0.0006159014557671,0.0006159014557671,0.000615901455767093,0.000615901455767086,0.000564576334453157,0.000410600970511376,0.000205300485255677,5.13251213139032e-05,-2.15485181781495e-17,-2.15485181781493e-17,-2.23616698075135e-17,-1.91090632900571e-17,-1.17906986257799e-17,-4.47233396150269e-18,-5.1325121313922e-05,-0.00020530048525569,-0.000410600970511382,-0.00056457633445315,-0.000615901455767075,-0.000615901455767078,-0.000615901455767073,-0.000615901455767074,-0.000615901455767078,-0.000564576334453156,-0.000410600970511386,-0.000205300485255695,-5.13251213139252e-05,0,0,0,0,0,0,0,0,0,0,0,0,0,0,0,0,0,0,0,0,0,0,0,0,0,0,0,0,0,0,0,0,0,0,0,0,0,0,0,0,0,0,0,0,0,0,0,0,0,0,0,0,0,0,0,0,5.13251213139216e-05,0.000205300485255686,0.000410600970511373,0.000564576334453128,0.000615901455767047,0.000615901455767053,0.000615901455767055,0.000615901455767058,0.000615901455767063,0.000564576334453148,0.000410600970511389,0.0002053004852557,5.13251213139383e-05,2.15485181781495e-17,2.56142763249701e-17,2.96800344717908e-17,3.04931861011549e-17,2.52077005102881e-17,1.26038502551439e-17,-5.13251213139229e-05,-0.000205300485255697,-0.000410600970511388,-0.000564576334453155,-0.000564576334453154,-0.000410600970511383,-0.000205300485255688,-5.13251213139141e-05,1.40268656065311e-17,5.13251213139461e-05,0.000205300485255722,0.000410600970511415,0.000564576334453182,0.000564576334453173,0.000410600970511383,0.000205300485255677,5.1325121313902e-05,-2.07353665487853e-17,-1.95156391047392e-17,-2.07353665487853e-17,-2.52077005102881e-17,-2.96800344717908e-17,5.13251213138912e-05,0.000153975363941739,0.000205300485255671,0.00015397536394175,5.13251213139041e-05,-2.03287907341033e-17,-2.11419423634674e-17,-1.95156391047392e-17,-1.382357769919e-17,-5.13251213139253e-05,-0.000153975363941759,-0.000205300485255672,-0.000153975363941745,-5.13251213139004e-05,1.99222149194212e-17,2.11419423634671e-17,2.48011246956057e-17,2.56142763249701e-17,1.91090632900571e-17,-5.13251213139179e-05,-0.000205300485255696,-0.00041060097051139,-0.000564576334453159,-0.000615901455767071,-0.000615901455767072,-0.000615901455767082,-0.000615901455767083,-0.000564576334453158,-0.000359275849197455,1.80926237533519e-17,0.000359275849197481,0.000564576334453169,0.000615901455767097,0.000615901455767098,0.000615901455767101,0.000615901455767102,0.000564576334453173,0.000359275849197464,-1.95156391047389e-17,-0.000359275849197493,-0.000564576334453195,-0.000615901455767118,-0.000615901455767119,-0.000615901455767123,-0.000615901455767121,-0.000615901455767113,-0.000615901455767101,-0.000615901455767085,-0.00061590145576707,-0.000615901455767045,-0.000615901455767042,-0.000615901455767059,-0.000615901455767058,-0.000615901455767058,-0.000667226577080982,-0.000769876819708827,-0.000769876819708827,-0.000564576334453135,-0.000256625606569598,-5.13251213139041e-05,1.50956239158693e-05,5.07212963572716e-05,6.79999797317132e-05,6.17843829753156e-05,4.35542178510332e-05,-0.000118436354356234,-0.000499701244382089,-0.000776166411664748,-0.000565465081142604,-2.87535693637256e-06,0.00021457019365591,6.38256853262661e-05,0.000883090078136517,0.00230769291091403,0.00322831423895255,0.00360182370820673
-0.0105775075987844,-0.00725625438391415,-0.000852494671742463,0.00161145981348864,0.000698370312032098,0.000515215303108115,0.000956084934907176,0.00115012709077664,0.000660106348796211,0.000167730428088791,-6.90946261066444e-05,-0.000124427351553356,2.04329298262966e-05,0.000171300495389846,0.000179939837076995,1.81147486989774e-05,-0.000205300485255772,-0.000410600970511491,-0.000564576334453214,-0.000615901455767107,-0.000564576334453164,-0.000359275849197444,5.20417042793042e-17,0.000307950727883657,0.0003592758491976,0.00020530048525572,5.13251213139429e-05,5.20417042793042e-17,-5.20417042793042e-17,-5.1325121313995e-05,-0.000205300485255668,-0.000359275849197444,-0.000307950727883606,-5.13251213140468e-05,0.00015397536394162,0.000153975363941673,5.13251213139948e-05,2.08166817117216e-16,1.56125112837913e-16,5.20417042793044e-17,-5.13251213140468e-05,-0.000205300485255927,-0.000307950727883658,-0.000153975363941621,0.000205300485255927,0.000513251213139167,0.000615901455766849,0.000564576334453062,0.000410600970511542,0.000153975363942088,-0.000205300485255356,-0.000769876819708673,-0.00159107876073181,-0.00251493094438259,-0.00338745800671899,-0.00420865994774164,-0.00508118701007856,-0.00605636431504325,-0.00713419186263564,-0.00821201941022777,-0.00913587159387806,-0.00990574841358667,-0.0106756252332954,-0.0114968271743184,-0.0122667039940274,-0.0128826054497947,-0.0132418812989922,-0.0133445315416202,-0.0132932064203065,-0.0131392310563647,-0.0128312803284812,-0.0122667039940282,-0.0114968271743193,-0.0106243001119821,-0.00970044792833112,-0.00877659574468038,-0.00775009331840192,-0.0065696155281817,-0.00538913773796154,-0.00436263531168323,-0.0034901082493467,-0.00261758118701006,-0.00174505412467338,-0.000975177304964574,-0.000307950727883502,0.000256625606569532,0.000769876819708465,0.00128312803284761,0.00179637924598697,0.00225830533781252,0.00256625606569625,0.00277155655095207,0.00297685703620774,0.00318215752146314,0.00333613288540479,0.00338745800671892,0.00343878312803305,0.0035414333706608,0.00359275849197443,0.00349010824934644,0.00328480776409074,0.00318215752146291,0.0032334826427771,0.00333613288540535,0.00333613288540539,0.00313083240014941,0.00282288167226578,0.00256625606569637,0.00246360582306864,0.00246360582306849,0.00241228070175441,0.00225830533781268,0.00205300485255692,0.00189902948861496,0.00184770436730109,0.00179637924598744,0.00164240388204589,0.0014884285181041,0.00143710339678989,0.00143710339678952,0.00138577827547529,0.00123180291153359,0.00102650242627824,0.000821201941022777,0.000718551698394917,0.00076987681970859,0.000821201941022428,0.000769876819708652,0.00066722657708113,0.000615901455767577,0.000667226577081624,0.000769876819709328,0.000872527062336761,0.000872527062336448,0.000769876819708522,0.000718551698394787,0.00066722657708126,0.000564576334453582,0.000410600970511597,0.000256625606569455,0.000205300485255483,0.000205300485255822,0.000256625606570002,0.000307950727883685,0.000256625606569195,0.000205300485255174,0.000205300485255564,0.000256625606569764,0.00030795072788381,0.000256625606569715,0.000153975363941413,5.13251213133706e-05,5.1325121313865e-05,0.000153975363942584,0.000205300485256605,0.000205300485255744,0.000256625606568801,0.000410600970510374,0.000564576334452567,0.000615901455767135,0.000615901455767733,0.000564576334453998,0.000461926091825664,0.000410600970511123,0.000410600970510998,0.000359275849197393,0.000205300485256163,5.13251213147758e-05,7.02563007770609e-16,-1.04083408558609e-16,-9.62771529167118e-16,-1.04083408558607e-15,-3.12250225675826e-16,5.13251213143594e-05,0.00015397536394235,0.000205300485255772,0.000153975363940997,5.1325121312642e-05,-8.84708972748163e-16,2.60208521396519e-17,5.46437894932696e-16,4.94396190653392e-16,4.16333634234435e-16,4.94396190653392e-16,5.13251213142814e-05,0.000153975363942061,0.000256625606570076,0.000307950727884023,0.000307950727883815,0.000359275849197498,0.00041060097051118,0.000359275849196925,0.000205300485254992,5.1325121313396e-05,-4.1633363423443e-16,-5.20417042793044e-16,-4.16333634234435e-16,-2.60208521396522e-17,3.64291929955131e-16,5.13251213142553e-05,0.000153975363941775,0.000205300485255666,0.000153975363941985,5.13251213145416e-05,1.04083408558609e-15,5.1325121315062e-05,0.00015397536394261,0.000205300485255928,0.000102650242627599,-0.000102650242628301,-0.000205300485256267,-0.000153975363942194,-5.13251213139431e-05,2.08166817117218e-16,-1.30104260698261e-16,-7.80625564189566e-16,-1.01481323344644e-15,-7.02563007770609e-16,-2.60208521396522e-16,7.80625564189545e-17,1.30104260698258e-16,5.13251213137089e-05,0.000153975363941127,0.000205300485255122,0.00010265024262799,-0.000102650242627001,-0.000153975363940788,6.76542155630957e-16,0.000205300485256033,0.000307950727883971,0.000271721230486068,0.000173901587510913,2.6150265429216e-05,-1.81823095338208e-05,0.000156301990173239,0.00037245262477492,0.000440083432805134,0.000240727295599039,-0.000340434419381885,-0.00127329431212635,-0.00190878579588174,-0.00216977933103354,-0.00306481159093048,-0.00528161929486069,-0.00789825422804168,-0.00903242147922938
3.30644083262254,3.19937512947096,3.2142612700161,3.23231842274837,3.24138117812443,3.23296436967537,3.23992529774405,3.25318420835106,3.25718029668679,3.25903855309762,3.25893939457812,3.25774408369764,3.25587173753538,3.25741861043953,3.26003464549802,3.26003464549802,3.26003464549802,3.25810105436783,3.25423387210745,3.25036668984707,3.2464995075867,3.24263232532632,3.24069873419613,3.24263232532632,3.2464995075867,3.24843309871689,3.24843309871689,3.24843309871689,3.24843309871689,3.24843309871688,3.24843309871689,3.2464995075867,3.24263232532632,3.24069873419613,3.24263232532632,3.24456591645651,3.24456591645651,3.24456591645651,3.24456591645651,3.24456591645651,3.24456591645651,3.24456591645651,3.24263232532632,3.23876514306594,3.23876514306594,3.24263232532632,3.2464995075867,3.25036668984707,3.25423387210745,3.25616746323764,3.25616746323764,3.25423387210746,3.24843309871689,3.23489796080557,3.21556204950368,3.19235895594142,3.16335508898859,3.12855044864519,3.08794503491122,3.03960525665651,2.98353111388104,2.92358978884519,2.85978128154897,2.79017200086219,2.71476194678483,2.6354847104471,2.55234029184899,2.46726228212069,2.38411786352257,2.30097344492446,2.21782902632635,2.13855178998861,2.06314173591125,1.99353245522446,1.92972394792824,1.87171621402258,1.81950925350749,1.77310306638297,1.73636483490939,1.70736096795656,1.68222428326411,1.66288837196222,1.6493532340509,1.64161886953015,1.63775168726977,1.63775168726977,1.64161886953015,1.64741964292071,1.65708759857165,1.67062273648297,1.68609146552447,1.70349378569617,1.72089610586787,1.74023201716976,1.76150151960183,1.78277102203391,1.80404052446598,1.82531002689806,1.84851312046032,1.87171621402258,1.89298571645466,1.91232162775654,1.93165753905842,1.9529270414905,1.97419654392258,1.99546604635466,2.01480195765654,2.03027068669805,2.04573941573956,2.06120814478107,2.07667687382258,2.09214560286409,2.10568074077541,2.11728228755655,2.12888383433767,2.1404853811188,2.15208692789994,2.16175488355088,2.16948924807164,2.17915720372258,2.18882515937352,2.19655952389427,2.20429388841502,2.21009466180559,2.21396184406597,2.21782902632635,2.22362979971691,2.22943057310747,2.23329775536785,2.23716493762823,2.24103211988861,2.24489930214899,2.25070007553956,2.25650084893012,2.26230162232069,2.26616880458106,2.27003598684144,2.27583676023201,2.2777703513622,2.27970394249239,2.28163753362258,2.28163753362257,2.28357112475276,2.28550471588296,2.28743830701315,2.28937189814333,2.28937189814332,2.29130548927352,2.29323908040371,2.2951726715339,2.29710626266409,2.29710626266408,2.29710626266407,2.29710626266408,2.29903985379428,2.30097344492447,2.30097344492447,2.30290703605465,2.30677421831502,2.31064140057539,2.31450858283577,2.31837576509616,2.32224294735654,2.32417653848673,2.32611012961691,2.32997731187729,2.33191090300748,2.33191090300748,2.33191090300749,2.33191090300749,2.33191090300749,2.33191090300748,2.33191090300747,2.33191090300747,2.33191090300748,2.33384449413767,2.33577808526786,2.33577808526785,2.33577808526784,2.33577808526783,2.33577808526784,2.33577808526785,2.33577808526785,2.33577808526785,2.33577808526786,2.33577808526786,2.33771167639804,2.33964526752824,2.34157885865843,2.34351244978862,2.34544604091881,2.34931322317918,2.35124681430937,2.35124681430936,2.35124681430936,2.35124681430936,2.35124681430935,2.35124681430935,2.35124681430935,2.35124681430936,2.35124681430936,2.35318040543955,2.35511399656973,2.35511399656974,2.35511399656974,2.35511399656975,2.35511399656976,2.35704758769995,2.35898117883014,2.35898117883013,2.35704758769994,2.35511399656975,2.35511399656975,2.35511399656975,2.35511399656975,2.35511399656975,2.35511399656974,2.35511399656973,2.35511399656973,2.35511399656973,2.35511399656973,2.35511399656974,2.35511399656973,2.35704758769991,2.3589811788301,2.3589811788301,2.35704758769992,2.35511399656974,2.35704758769993,2.35898117883012,2.36091476996031,2.36284836109051,2.36341706436409,2.36303034613805,2.36171795396824,2.36386248231263,2.36847335346923,2.37030649830695,2.37185337121111,2.3695514770085,2.3564030573232,2.3377875035012,2.33170691976739,2.31250467930085,2.26622405004191,2.20429388841502
1.59620134878061e-09,1.09500682761993e-09,1.2864591525746e-10,-2.43177734272199e-10,-1.05387741536295e-10,-7.7748690529047e-11,-1.44278229686358e-10,-1.73560208773898e-10,-9.96135096113769e-11,-2.53114012562396e-11,1.0426741489298e-11,1.87767400905182e-11,-3.08343632326204e-12,-2.58501438174813e-11,-2.7153866150057e-11,-2.73361072905104e-12,3.09809222235858e-11,6.19618460706161e-11,8.51975412343716e-11,9.29427762806328e-11,8.51975496830853e-11,5.42166264321639e-11,-7.85336923801186e-24,-4.64714039753639e-11,-5.42166463555836e-11,-3.09809469545834e-11,-7.74523873153191e-12,-7.85337761958798e-24,7.8533810320213e-24,7.7452490518847e-12,3.09810184567163e-11,5.42168325217402e-11,4.64716262584373e-11,7.74528297959172e-12,-2.32358951264959e-11,-2.32359546992151e-11,-7.74534384457422e-12,-3.14140602183679e-23,-2.35606763265411e-23,-7.85361531177788e-24,7.74554698025755e-12,3.09825552747617e-11,4.6474543307561e-11,2.32377295072484e-11,-3.09844260879275e-11,-7.74635993534227e-11,-9.29602359278847e-11,-8.52181718625235e-11,-6.19811777283453e-11,-2.32450526537321e-11,3.09970289986343e-11,1.16256349280251e-10,2.40309552532571e-10,3.79938212339641e-10,5.11913601252384e-10,6.36266714922208e-10,7.68557499184005e-10,9.16623353994007e-10,1.08055998584556e-09,1.24495568911523e-09,1.38652927746962e-09,1.50532199198699e-09,1.62474286051556e-09,1.75268660821427e-09,1.873524336073e-09,1.97155916463751e-09,2.03089108651766e-09,2.05114772992678e-09,2.04785669623682e-09,2.02862711831043e-09,1.98539735202453e-09,1.90196983993616e-09,1.78610868373255e-09,1.65360388863279e-09,1.51235158469769e-09,1.37046897844859e-09,1.21191023154208e-09,1.02866592825039e-09,8.44842113829081e-10,6.84667244165535e-10,5.482752672213e-10,4.11572674564576e-10,2.74605763416589e-10,1.53570487808688e-10,4.85287887032065e-11,-4.04649659417223e-11,-1.21462295546879e-10,-2.02538353787391e-10,-2.83683542763016e-10,-3.5677382548995e-10,-4.05573135406433e-10,-4.38161630477414e-10,-4.70756892361213e-10,-5.03356779434445e-10,-5.27836510086546e-10,-5.36069781405391e-10,-5.44294248289244e-10,-5.60633814142691e-10,-5.68841865447528e-10,-5.52659322786713e-10,-5.20208297626509e-10,-5.04000761960239e-10,-5.12174376763802e-10,-5.28473465869814e-10,-5.28508087965246e-10,-4.96012382358643e-10,-4.47245824206469e-10,-4.06604173349563e-10,-3.90354225491512e-10,-3.90366341148639e-10,-3.82243972942805e-10,-3.57853583375703e-10,-3.25327741077278e-10,-3.00933186189418e-10,-2.92803997401079e-10,-2.84673961389858e-10,-2.6027601404202e-10,-2.35877186579159e-10,-2.27745160466464e-10,-2.27746591003617e-10,-2.19613945403151e-10,-1.95213264785916e-10,-1.62678330127218e-10,-1.30143074505727e-10,-1.13875496840263e-10,-1.22009736681077e-10,-1.30143966040999e-10,-1.22010162460275e-10,-1.05742282137446e-10,-9.76083699403311e-11,-1.05742500339887e-10,-1.22010675122214e-10,-1.38278856615382e-10,-1.38278934489841e-10,-1.22010882063939e-10,-1.13876868190714e-10,-1.0574284109885e-10,-8.94747367792828e-11,-6.50725508542038e-11,-4.06703522487785e-11,-3.25362870441932e-11,-3.25362914961379e-11,-4.06703690153102e-11,-4.88044474067393e-11,-4.06703760842351e-11,-3.2536303004535e-11,-3.25363048185352e-11,-4.06703829158748e-11,-4.88044613948639e-11,-4.06703858144126e-11,-2.44022321490323e-11,-8.13407756670503e-12,-8.13407772017332e-12,-2.44022335447878e-11,-3.25363118205211e-11,-3.25363121772241e-11,-4.06703905937154e-11,-6.50726254472471e-11,-8.94748605608098e-11,-9.76089393205908e-11,-9.76089397532973e-11,-8.94748617715764e-11,-7.32067053149697e-11,-6.50726271161334e-11,-6.50726272572821e-11,-5.69385489529889e-11,-3.2536313736414e-11,-8.13407844439881e-12,-1.11343187836687e-22,1.64952871012203e-23,1.52581405796424e-22,1.64952871230386e-22,4.9485861393869e-23,-8.13407847807386e-12,-2.44022354425641e-11,-3.25363139326964e-11,-2.44022354552512e-11,-8.13407848654781e-12,1.40209940848436e-22,-4.1238217902312e-24,-8.66002576049794e-23,-7.83526140310543e-23,-6.59811486629885e-23,-7.83526140424969e-23,-8.13407849265499e-12,-2.44022354789627e-11,-4.06703924664902e-11,-4.8804470961332e-11,-4.88044709625932e-11,-5.69385494575874e-11,-6.5072627952682e-11,-5.69385494594205e-11,-3.25363139771613e-11,-8.13407849432145e-12,6.59811486862423e-23,8.2476435858413e-23,6.59811486871348e-23,4.12382179296663e-24,-5.77335051017774e-23,-8.13407849474226e-12,-2.44022354841412e-11,-3.25363139789274e-11,-2.44022354842824e-11,-8.13407849486087e-12,-1.64952871721652e-22,-8.13407849496415e-12,-2.44022354845077e-11,-3.25363139792294e-11,-1.62681569895674e-11,1.62681569896878e-11,3.25363139793371e-11,2.44022354845111e-11,8.13407849482036e-12,-3.29905743445134e-23,2.06191089653254e-23,1.23714653791974e-22,1.60829049929591e-22,1.11343188412808e-22,4.12382179306738e-23,-1.23714653792029e-23,-2.06191089653396e-23,-8.13407849479348e-12,-2.44022354843816e-11,-3.25363139792222e-11,-1.62681569896797e-11,1.62681569895235e-11,2.44022354843311e-11,-1.07219366619796e-22,-3.25363139793705e-11,-4.88044709690441e-11,-4.30627685021317e-11,-2.75601718413375e-11,-4.14433139594288e-12,2.88155837101286e-12,-2.47709625310194e-11,-5.90268236677833e-11,-6.97450506705376e-11,-3.81508054559526e-11,5.39525327696175e-11,2.0179350027267e-10,3.02507097811892e-10,3.43869725843167e-10,4.85715716091837e-10,8.3703856560686e-10,1.25172660518552e-09,1.43147105023028e-09
0,0,0,0,0,-5.7923942816481e-10,-1.07489448691604e-09,-1.29304962137496e-09,-7.4213560032633e-10,-1.88573736899191e-10,7.76807873065985e-11,1.39889526092585e-10,-2.29720618898271e-11,-1.92587432467481e-10,-2.02300350216225e-10,-2.036580629966e-11,2.30812460123644e-10,4.61624891084488e-10,6.34734173375539e-10,6.92437207743973e-10,6.34734021607574e-10,4.03921579938547e-10,-5.85086995169655e-23,-3.4621831942059e-10,-4.03921222045911e-10,-2.30812015869586e-10,-5.77029681682606e-11,-5.850854895467e-23,5.85084876552619e-23,5.7702782778211e-11,2.30810731435293e-10,4.03917877829299e-10,3.46214326404192e-10,5.77021733076977e-11,-1.73105690201139e-10,-1.73104620020435e-10,-5.77010799085327e-11,-2.34024320131098e-22,-1.75515883721576e-22,-5.85042788523433e-23,5.76974304110026e-11,2.30783121227941e-10,3.46161917000527e-10,1.73072730799935e-10,-2.3074950159797e-10,-5.76828203863587e-10,-6.921234305889e-10,-6.34363360210579e-10,-4.61277366960578e-10,-1.72941026257861e-10,2.30522764133129e-10,8.6414527150092e-10,1.78506307801132e-09,2.81985321780912e-09,3.79527618134647e-09,4.71076533856696e-09,5.68045932570453e-09,6.76037054297896e-09,7.94872424856455e-09,9.12861241001312e-09,1.01276556351966e-08,1.09449725115228e-08,1.17503389287361e-08,1.25984804946969e-08,1.33762852992902e-08,1.39718992265717e-08,1.42773594563192e-08,1.42996655421405e-08,1.41535937447007e-08,1.38996589635782e-08,1.34863817117665e-08,1.28123996633083e-08,1.19355314871393e-08,1.09658697463259e-08,9.95861431323613e-09,8.96427728970981e-09,7.87859665914383e-09,6.64924283584102e-09,5.43229834508691e-09,4.38114379332776e-09,3.49294054171563e-09,2.61156248238143e-09,1.73603680538466e-09,9.67571961548267e-10,3.04808698218332e-10,-2.53457261924021e-10,-7.58841701690942e-10,-1.26243164317433e-09,-1.76443884467421e-09,-2.21487553427777e-09,-2.5134999318405e-09,-2.71129963874872e-09,-2.90893779573848e-09,-3.10646419709648e-09,-3.25391662538055e-09,-3.30136838104932e-09,-3.34902106418873e-09,-3.44685836585666e-09,-3.49488754576029e-09,-3.39340513474321e-09,-3.19243629687038e-09,-3.09153312849822e-09,-3.14035891240444e-09,-3.23913080145102e-09,-3.23832401485791e-09,-3.03839287480006e-09,-2.73903215848494e-09,-2.48963130004311e-09,-2.3897143088982e-09,-2.38943158579532e-09,-2.33941220723765e-09,-2.18989750083033e-09,-1.99066879185391e-09,-1.84125128994148e-09,-1.79139105633994e-09,-1.74155059968191e-09,-1.59221229359158e-09,-1.44289453907682e-09,-1.39310054994746e-09,-1.39306713603169e-09,-1.34328761402347e-09,-1.19401313860837e-09,-9.94996711754692e-10,-7.95987782292332e-10,-6.9648214603015e-10,-7.46224428243455e-10,-7.95966955228212e-10,-7.46214481462338e-10,-6.46715915359684e-10,-5.96965978996513e-10,-6.46710817728555e-10,-7.46202504704961e-10,-8.45694034890913e-10,-8.45692215559913e-10,-7.46197670061155e-10,-6.96450109024301e-10,-6.46702856806738e-10,-5.4720952366745e-10,-3.97970211883662e-10,-2.48731196344836e-10,-1.98984834534352e-10,-1.9898473052656e-10,-2.48730804636287e-10,-2.98476858365348e-10,-2.487306394832e-10,-1.98984461656106e-10,-1.98984419277903e-10,-2.4873047988e-10,-2.98476531564987e-10,-2.48730412161925e-10,-1.49238231866793e-10,-4.97460729952978e-11,-4.97460694121623e-11,-1.49238199263543e-10,-1.98984255697008e-10,-1.98984247359409e-10,-2.48730300499874e-10,-3.97968469182793e-10,-5.47206631793562e-10,-5.96952676920878e-10,-5.96952666814444e-10,-5.47206603513366e-10,-4.47714488428879e-10,-3.97968430196458e-10,-3.97968426898247e-10,-3.48222371133967e-10,-1.98984210934347e-10,-4.97460524964939e-11,-6.80947949703385e-22,1.00881177399661e-22,9.33150888373711e-22,1.00881176889918e-21,3.02643530091472e-22,-4.97460517078057e-11,-1.4923815492511e-10,-1.9898420634682e-10,-1.49238154622381e-10,-4.97460515018074e-11,8.57489996494552e-22,-2.52202940011979e-23,-5.2962617378866e-22,-4.79185585633532e-22,-4.03524703568542e-22,-4.791855853662e-22,-4.97460513667852e-11,-1.49238154073388e-10,-2.48730256752593e-10,-2.98476308066722e-10,-2.98476308036284e-10,-3.48222359345625e-10,-3.97968410652616e-10,-3.48222359300125e-10,-1.98984205304349e-10,-4.97460513237156e-11,4.03524703025241e-22,5.0440587876733e-22,4.03524703004415e-22,2.52202939372923e-23,-3.53084115116378e-22,-4.97460513178991e-11,-1.49238153951068e-10,-1.98984205266235e-10,-1.49238153948752e-10,-4.97460513164653e-11,-1.00881175742191e-21,-4.97460513164835e-11,-1.49238153946405e-10,-1.98984205260407e-10,-9.94921026296003e-11,9.94921026300712e-11,1.98984205259473e-10,1.49238153944381e-10,4.97460513146156e-11,-2.01762351480107e-22,1.26101469674961e-22,7.56608818049251e-22,9.83591463463459e-22,6.80947936243611e-22,2.52202939349385e-22,-7.56608818047888e-23,-1.26101469674613e-22,-4.97460513141497e-11,-1.49238153942421e-10,-1.98984205256807e-10,-9.94921026288069e-11,9.94921026278377e-11,1.49238153942021e-10,-6.55727642307365e-22,-1.98984205257597e-10,-2.98476307886305e-10,-2.63361448135168e-10,-1.68551326806336e-10,-2.53457256918687e-11,1.762291213205e-11,-1.51493199132039e-10,-3.60993737761998e-10,-4.26543814616586e-10,-2.33321073444302e-10,3.29960605297829e-10,1.23412010663998e-09,1.85006004309605e-09,2.10302384444688e-09,2.97051951886452e-09,5.1191248600805e-09,7.65525633575041e-09,8.75452976817926e-09
2.09989050432885,2.09994121620168,2.09999920352006,2.09999721709858,2.09999948314655,2.0999997157567,2.0999990295591,2.09999861842963,2.09999954712645,2.09999997082692,2.09999999504892,2.09999998392021,2.09999999956538,2.09999996951126,2.09999996646624,2.09999999966015,2.09999995634765,2.09999982497577,2.09999966751912,2.09999960243387,2.09999966433941,2.09999986342171,2.1,2.09999989965676,2.09999986407131,2.0999999557207,2.09999999723254,2.1,2.1,2.09999999723254,2.0999999557207,2.09999986407131,2.09999989965676,2.09999999720603,2.09999997491419,2.09999997497393,2.09999999721933,2.1,2.1,2.1,2.09999999721933,2.09999995550922,2.09999989965676,2.09999997479416,2.09999995518962,2.09999972126883,2.09999960053618,2.09999966593399,2.09999982414232,2.0999999753287,2.09999995613991,2.09999938175059,2.09999734048091,2.09999324347124,2.09998744456343,2.09998004969975,2.09996983917721,2.09995521318655,2.09993452100813,2.09990759165037,2.09987679011454,2.09984290465126,2.09980070647712,2.09974493674399,2.09967602064112,2.09959772497714,2.09951686244492,2.09943812461454,2.09936054117887,2.09928001138004,2.09920451853175,2.0991590676554,2.09914725446456,2.09916460094623,2.09920675736469,2.09926629932047,2.0993592918207,2.09948942579535,2.0996263683887,2.09973805536572,2.09982209487014,2.09989518509042,2.09995186504105,2.0999846824857,2.09999845799369,2.09999892916182,2.09999045302272,2.09997385255754,2.0999499376841,2.09992341599986,2.09990468651759,2.09989330116958,2.0998818136834,2.09987085421071,2.09986478722705,2.09986712917681,2.09986941617902,2.09986784733468,2.09987069022507,2.09988391169726,2.09990171024014,2.09991143112177,2.09991215796982,2.09991049984613,2.0999142946748,2.09992768469371,2.09994343470311,2.09995465986465,2.09995946392446,2.09996066709459,2.09996339991946,2.09996886119679,2.09997492063923,2.09997900786627,2.09998055688028,2.09998201723759,2.09998528936593,2.09998813297117,2.09998909418239,2.0999892864335,2.09999021285871,2.09999237527739,2.09999477896715,2.0999966934763,2.09999748608243,2.09999713420173,2.09999677325065,2.09999719338991,2.09999790648613,2.09999822847919,2.09999793523777,2.09999726995087,2.09999652941686,2.09999656496661,2.0999973529879,2.09999770985689,2.09999803875683,2.09999861005738,2.09999926731648,2.09999971476516,2.09999981806771,2.09999981806771,2.09999971669241,2.09999959341595,2.09999971860342,2.09999982051382,2.09999982051382,2.09999972049834,2.09999959887338,2.09999972237733,2.09999990039191,2.09999998893243,2.09999998893243,2.09999990039191,2.09999982351394,2.09999982410643,2.09999972516632,2.09999929878604,2.09999868313584,2.09999844328842,2.09999845366644,2.09999870929786,2.09999914171692,2.09999932410422,2.09999932634878,2.09999948765136,2.09999983325663,2.09999998957854,2.1,2.1,2.1,2.1,2.1,2.09999998957854,2.09999990620685,2.09999983380853,2.09999990682645,2.09999998964738,2.1,2.1,2.1,2.1,2.1,2.1,2.09999998964738,2.09999990682645,2.09999974203986,2.09999962976389,2.09999963098529,2.09999949938564,2.09999934828996,2.09999950431169,2.09999983867431,2.09999998991714,2.1,2.1,2.1,2.1,2.1,2.09999998991714,2.0999999092543,2.0999998392039,2.09999990984886,2.09999998998321,2.1,2.09999998998321,2.09999990984886,2.09999984025657,2.09999996019492,2.09999996019492,2.09999984025657,2.09999990984886,2.09999998998321,2.1,2.1,2.1,2.1,2.1,2.1,2.1,2.1,2.09999998998321,2.09999990984886,2.09999984025657,2.09999996019492,2.09999996019492,2.09999991014432,2.1,2.09999984025657,2.09999964175434,2.09999972200159,2.0999998865041,2.09999999743606,2.09999999875967,2.09999990813853,2.09999948027985,2.09999928003356,2.09999978524214,2.0999995716173,2.09999398400947,2.0999861762098,2.09998156172714,2.0999628282033,2.09988590275195,2.09972339620587,2.09959590140212
0.479986436233193,0.479994789812724,0.479999992235571,0.48000004965034,0.480000004005146,0.48000000163594,0.480000010281791,0.480000017437913,0.480000003286224,0.480000000053951,0.47999999999622,0.479999999977868,0.480000000000098,0.48000000005764,0.480000000066483,0.480000000000068,0.479999999900939,0.479999999203307,0.479999997911367,0.479999997267754,0.479999997881285,0.47999999945104,0.48,0.480000000343747,0.480000000541736,0.480000000100853,0.480000000001578,0.48,0.48,0.479999999998421,0.479999999898796,0.479999999454955,0.47999999965445,0.479999999998398,0.480000000043025,0.480000000042871,0.480000000001589,0.48,0.48,0.48,0.479999999998409,0.479999999898069,0.47999999965445,0.479999999956553,0.480000000102672,0.480000001588653,0.480000002723293,0.480000002083627,0.480000000796859,0.480000000041963,0.47999999990023,0.479999994694686,0.479999952333855,0.479999805425102,0.479999503216912,0.479998997243967,0.479998119947357,0.479996563490675,0.479993852744608,0.479989559955381,0.47998372158451,0.479976274009431,0.47996563314107,0.479949436017952,0.479926324807358,0.479896207536736,0.479861049035443,0.479823045273692,0.47978209779141,0.479736030641768,0.479689627955001,0.479660216435486,0.479652392482623,0.479663855765861,0.479691048247038,0.479727831641566,0.479781410570349,0.479848220529145,0.479907685318157,0.479947278105386,0.479971208386903,0.479987321087841,0.479996163078135,0.479999328501246,0.479999979023486,0.480000011913057,0.480000311826799,0.480001390247673,0.480003625005805,0.480006766799258,0.480009319245595,0.480010987979556,0.480012754037101,0.480014511370826,0.480015513180323,0.480015124076929,0.480014746995712,0.480015005357597,0.480014538182286,0.480012425558187,0.480009747320349,0.480008371362056,0.480008271091238,0.480008500375811,0.4800079784911,0.480006221365244,0.480004338153861,0.480003133049375,0.480002656406738,0.48000254097812,0.480002284917257,0.48000179992566,0.4800013070604,0.480001004412213,0.480000896572465,0.48000079858019,0.480000592810765,0.480000430890694,0.480000380055545,0.480000370138812,0.48000032356475,0.480000223160983,0.48000012694389,0.480000064223987,0.480000042657659,0.480000051874739,0.480000061925049,0.480000050283247,0.48000003245481,0.480000025287075,0.480000031791131,0.480000048248962,0.480000069037423,0.480000067984741,0.480000046074064,0.480000037112664,0.480000029439358,0.480000017596147,0.480000006752297,0.480000001644495,0.480000000838453,0.480000000838453,0.480000001627881,0.480000002796299,0.480000001611462,0.480000000821619,0.480000000821619,0.480000001595235,0.480000002740285,0.480000001579199,0.48000000033998,0.480000000012614,0.480000000012614,0.48000000033998,0.480000000801129,0.480000000797103,0.480000001555496,0.480000006322942,0.480000016231027,0.48000002084438,0.480000020636993,0.480000015751231,0.480000008555999,0.480000005984358,0.48000000595464,0.480000003953,0.480000000735787,0.480000000011526,0.48,0.48,0.48,0.48,0.48,0.480000000011526,0.480000000310671,0.480000000732141,0.480000000307601,0.480000000011412,0.48,0.48,0.48,0.48,0.48,0.48,0.480000000011412,0.480000000307601,0.480000001414658,0.480000002430416,0.480000002418419,0.480000003818237,0.480000005666732,0.480000003762127,0.480000000700258,0.480000000010969,0.48,0.48,0.48,0.48,0.48,0.480000000010969,0.480000000295666,0.480000000696817,0.480000000292768,0.480000000010861,0.48,0.480000000010861,0.480000000292768,0.480000000689993,0.480000000085968,0.479999999913749,0.479999999305438,0.479999999705777,0.479999999989121,0.48,0.48,0.48,0.48,0.48,0.48,0.48,0.48,0.480000000010861,0.480000000292768,0.480000000689993,0.480000000085968,0.479999999913749,0.479999999707223,0.48,0.480000000689993,0.4800000023135,0.480000001582401,0.480000000413433,0.480000000001407,0.479999999999526,0.480000000301131,0.480000004038447,0.480000006577669,0.480000001074992,0.479999996943392,0.479999836720256,0.479999425231125,0.479999110339962,0.479997414559899,0.479985545460498,0.479942568396265,0.479895459210756
3.99675160315444,4.24091085633809,4.14858191661281,4.08214143214992,4.06679697836215,4.08600363878086,4.06188360147995,4.02596804082231,4.02333328008327,4.02601070358564,4.02974977518068,4.03352424073276,4.03602300219947,4.0299622406937,4.0233692229788,4.02575463847282,4.02904799126693,4.03686127119652,4.04873844152082,4.05913779801482,4.06804854287645,4.07469486535746,4.07419410269462,4.0647422307958,4.05429484402403,4.05174812425811,4.05402413962207,4.05477256496331,4.05475476921065,4.0554939339591,4.05775106407647,4.0648373123474,4.07372456266542,4.07469473566854,4.06669536569504,4.06174449516991,4.06313672705858,4.06372563513407,4.06349709697896,4.06320157419305,4.06358801310717,4.06539304996558,4.07114422350928,4.07776042683186,4.0713481845802,4.05571041424339,4.04280151266383,4.03173072439896,4.02158508593328,4.01690077753651,4.01744066517487,4.02442283884265,4.04307254448753,4.08055440971254,4.12988706032595,4.18585892760441,4.25509654054643,4.33858458328734,4.43706953410044,4.55435397226505,4.69011383747744,4.83279589279333,4.98647142591408,5.1608465340466,5.35917452484502,5.57522902196198,5.81144169316979,6.06655080155569,6.32651025992353,6.60892803464553,6.91593261024594,7.22764194062272,7.54299374281218,7.85023953439077,8.15111752309238,8.4368214226654,8.70138696685677,8.9328740691489,9.09128088115427,9.19531542618999,9.2820678925251,9.31968075028548,9.30242803339433,9.23453939981269,9.13787819483472,9.01496047317973,8.86009526689933,8.69468007287556,8.49798589288684,8.27793355855559,8.0582603316685,7.83816394823904,7.62956088153482,7.4151569574437,7.1990231752473,6.99877477110292,6.80876097842048,6.62639003414585,6.44141870285866,6.27200138338481,6.12713558800264,5.99693052395203,5.86593935910096,5.72697362505173,5.59733451617447,5.48017462619349,5.38139109878903,5.30435886314647,5.22435133950704,5.14323029495555,5.06602542854851,4.99424093277139,4.93501861281155,4.88442804945319,4.83166172124518,4.7799437002563,4.73235151132546,4.69402892878422,4.66152654846162,4.61971231497212,4.58005869498148,4.55201053721872,4.52580091072427,4.5077729324859,4.49478454753829,4.47745373849964,4.45249294326041,4.43068654138621,4.41816543718312,4.40426693715012,4.38755267146238,4.3694937356195,4.344070699603,4.32171936973146,4.30239301242536,4.28910804002387,4.27589367619052,4.25691396163083,4.25388223993684,4.25085743385211,4.24504176886885,4.24503095460624,4.23643961386098,4.22787284945214,4.22211366086701,4.21636899626634,4.21636461968391,4.20786066380371,4.19937998391556,4.19368722652855,4.1893881828173,4.19214659586084,4.19214512526868,4.18938372327019,4.18096099430138,4.17393626924341,4.1725601058266,4.16143620742554,4.14338893637732,4.12816707679578,4.11438321662111,4.10202321212333,4.09107306562282,4.08561671423188,4.07882699215106,4.06663983808076,4.06391610039811,4.06793359912202,4.0692727181316,4.06927265250995,4.06927259788433,4.06927255241212,4.0692725145595,4.06793328522162,4.06525486338468,4.05718452172975,4.05180485799398,4.05447437700192,4.05580913151453,4.0558091210648,4.05580911224795,4.05580910502664,4.0558090990154,4.05580909401142,4.05447432278236,4.05180478523347,4.04243969725193,4.0344303792965,4.02777015495045,4.01980043878517,4.01185151830902,3.99997407713888,3.99734966244961,4.00130144787778,4.00261870933697,4.00261870878733,4.00261870833109,4.00261870795737,4.00261870764205,4.00130144527329,3.9986669208781,3.99078317161632,3.98554579101584,3.98817167020617,3.98948460978066,3.98817167001631,3.98554579063157,3.97769864483944,3.97379777668362,3.97903233056659,3.98818493598456,3.9934234284017,3.9907975490669,3.98948460936917,3.98948460935295,3.9894846093397,3.98948460932853,3.98948460931938,3.98948460931162,3.98948460930528,3.98948460929993,3.98817166961727,3.98554579030039,3.97769864456502,3.97379777645555,3.97903233037718,3.98687414945866,3.98948460928087,3.97769864455591,3.96856322285856,3.96298760398254,3.95899014322617,3.96083818089719,3.96326117595294,3.96322859181002,3.95055240084449,3.93347515424057,3.93242790699764,3.94195778782765,3.97319371495947,4.03389575666772,4.10517020148186,4.14996615933013,4.27798551437221,4.5267735764125,4.81780903799267
-0.00910516904752745,0.139104213328398,0.0604718798194357,0.0104878876289494,0.00333848283817417,0.0149356463378298,-0.00288845501492219,-0.0268811767553103,-0.0259402143191796,-0.0216027567294788,-0.0179521457855536,-0.0152452136651657,-0.0144201390227527,-0.0190977660101259,-0.0233545024652706,-0.0209688217216959,-0.0176751258418655,-0.0115877298957203,-0.00316836813938348,0.00376568167143976,0.00920364914352412,0.0123697595676351,0.0101269603740395,0.00242074640814582,-0.00454257863131513,-0.005348087988156,-0.00306770125682476,-0.0023135685407869,-0.00232398222359365,-0.00157526935244157,0.000694061634653131,0.00605825587967868,0.011484466208282,0.0107373006385973,0.00451531531280924,0.00134965678186028,0.00279812540160229,0.00345956308853168,0.00332570446498437,0.00315261401370392,0.00369545436050434,0.00570215207488634,0.00997222023521349,0.0134360815889485,0.00745641244617623,-0.00413738479877868,-0.012850992636948,-0.019529925451466,-0.0250293085669711,-0.0264454049611924,-0.0239207478216619,-0.0161092264512845,0.000643394507847006,0.0302028685679421,0.0674045112676209,0.109019785003367,0.16003507530025,0.221592959049971,0.294432345812338,0.380878497546181,0.480171783145821,0.584812350395215,0.698558355915155,0.828639102179419,0.977003919835542,1.13900261018488,1.31581754795866,1.5064816543543,1.70148702950847,1.91379422142658,2.14476318126038,2.37861789516342,2.61465751189237,2.84447801306855,3.06944034931873,3.2831383260784,3.47963191917145,3.64880186362941,3.76070817035389,3.83129874220239,3.88953979875831,3.90895696703878,3.88513872055312,3.82275932731953,3.73908874088711,3.63632387994444,3.50965309871546,3.37520638685169,3.21722473943705,3.04276170559011,2.87133047408927,2.70174604769348,2.54172316899539,2.37826892376151,2.21513991263008,2.06596146486604,1.92519933276151,1.79028318932924,1.65491125245277,1.53337609533952,1.43131895448563,1.33911881653228,1.24512615910511,1.14546579893876,1.05407178275623,0.974130694325921,0.908464039757652,0.857597583358723,0.803232711703022,0.747246177411599,0.694711466037036,0.647146329508249,0.608827760766624,0.575958999037111,0.540665484958976,0.506185573774924,0.475613283555825,0.451346839498198,0.430015474564882,0.401984946023997,0.375975402914229,0.358767699193542,0.34330922476163,0.333307558496069,0.325663659348399,0.313648731386089,0.296590724118275,0.282640905023618,0.275343506595425,0.266646348079762,0.255112057491456,0.24221287001185,0.224484599886526,0.209788661415897,0.198078780003819,0.189853331373725,0.181680798051711,0.170228439924519,0.169701392304635,0.169176418261014,0.165855761679597,0.165848419536638,0.159746959069613,0.153665640676095,0.150387625924334,0.147119876077901,0.147116910101993,0.141085491805097,0.135073273400036,0.131844943390734,0.130006329519923,0.132765312516526,0.1327643176734,0.130003312790266,0.124036808813754,0.1194644112048,0.118088478411285,0.109412990161225,0.0962508529596668,0.0858988815183643,0.0769697379440677,0.069449357645575,0.0633238198358281,0.0602741959099875,0.0558874671020186,0.0484951024209765,0.0481632252631972,0.052180755151106,0.0535199001026605,0.0535198560759822,0.0535198194267217,0.053519788918643,0.0535197635226625,0.052180544554119,0.049502131348973,0.0438199322887876,0.0408247312327426,0.0434942552126563,0.0448290138641037,0.0448290068596933,0.0448290009497931,0.0448289961093868,0.0448289920800748,0.0448289887259357,0.0434942188702472,0.040824682464601,0.0338403822302684,0.0282081907567342,0.0239214404104384,0.0183215545205355,0.0127388292976702,0.00558290800349726,0.00531383558113374,0.00926562127350872,0.010582882949091,0.0105828825820358,0.0105828822773537,0.0105828820277787,0.0105828818172027,0.00926561953423999,0.00663109521143213,0.0010990875598873,-0.00179014328089089,0.000835735950355687,0.00214867555936982,0.000835735823688122,-0.00179014353725249,-0.00729272290822092,-0.00885259944905581,-0.00361804555246215,0.00319356827785988,0.0060874943030429,0.00346161497606357,0.00214867528484097,0.00214867527402429,0.00214867526519003,0.00214867525773599,0.00214867525162976,0.00214867524644413,0.00214867524221241,0.00214867523864148,0.000835735557467743,-0.00179014375818864,-0.00729272309119855,-0.00885259960107554,-0.00361804567873714,0.00188278180456436,0.00214867522592499,-0.00729272309728435,-0.0140871531955327,-0.0173253467967762,-0.0189889401514987,-0.0164551467688403,-0.0144984322004067,-0.0161144748415096,-0.02620404571707,-0.0377346483253813,-0.0365822905204194,-0.0251987641998217,0.00327794467679476,0.0481232645022533,0.0966641807135575,0.133961320140436,0.238058915249481,0.427642603836658,0.635837970876673
-0.00910516904752745,0.139104213328398,0.0604718798194357,0.0104878876289494,0.00333848283817417,0.0184340765992124,0.00357571529634448,-0.0191683276529364,-0.0215243409849206,-0.0204819798913833,-0.0184138650385126,-0.0160772996382796,-0.0142833402093343,-0.0179519952863245,-0.0221528770018287,-0.0208478527217881,-0.0190461077458046,-0.0143329489764463,-0.00695202056253041,-0.000371766202223789,0.00540194840826924,0.00994472215354403,0.0101269603740404,0.00449934840072963,-0.0021233181408844,-0.00396729962864484,-0.00272250447000033,-0.00231356854078602,-0.00232398222359453,-0.00192046457023931,-0.000686715853646547,0.00363902373172564,0.00940589813393888,0.0103904609274625,0.00555458683985677,0.00238768089667474,0.00314412953672516,0.00345956308853257,0.00332570446498615,0.00315261401370481,0.00334948118334477,0.0043183153529105,0.00789409725627976,0.0123946073087486,0.00884492447773066,-0.000674766229073143,-0.0087063398496019,-0.0157403976197683,-0.0222804902198588,-0.025416141534059,-0.0252925501290671,-0.0212569481839742,-0.0100261918518818,0.0132110636679501,0.0442664126845465,0.0798929679368614,0.124283436986095,0.178119578852622,0.242003545628927,0.318794697692951,0.408759113914382,0.50454489575837,0.608632700656969,0.727526458095109,0.863817279780391,1.01381663298606,1.17972657193603,1.36094822376324,1.5475774899292,1.75190012067752,1.97606817136132,2.20661770644738,2.44284277898746,2.67571303276879,2.90613921229267,3.12712305528322,3.33472128441328,3.52016846284587,3.6512411957061,3.74008091273048,3.8146954769237,3.85173831097984,3.84650659296066,3.80104056427057,3.73221909613876,3.64203275735685,3.52665540473002,3.40327911604512,3.25598655510931,3.09061475498278,2.92462432799782,2.75804716583627,2.60089557523774,2.44004668894887,2.27828209610716,2.12849174891301,1.98713359307414,1.85253970227143,1.71645146990923,1.59164939574114,1.48490976649143,1.3899665214752,1.29574363195788,1.19654046813444,1.10403607237516,1.02001344471556,0.949033943450982,0.893912028065976,0.837563309658569,0.781058369416677,0.727323616037313,0.677223720696622,0.635817910132999,0.600650036506369,0.564426447926479,0.529035449410807,0.496278929042507,0.469907156716563,0.447807604076806,0.419619020036942,0.392829374700603,0.373643368837871,0.355618551814476,0.343103245111396,0.334204856908951,0.322768029338308,0.306267202308645,0.291665387807672,0.283137611487653,0.273816015914924,0.262852379398982,0.251113232583523,0.234519717663431,0.219772223951778,0.206842668883434,0.198005052334961,0.189224472761889,0.176579042811501,0.174312169221658,0.172053264720688,0.168153337902289,0.16814599424403,0.162614064317982,0.157100346355081,0.15324504261921,0.14940194896425,0.149398982375096,0.143933269045251,0.138484845100104,0.134683131187058,0.131706376321771,0.133331994721709,0.133330999827079,0.131703359123487,0.126299725888587,0.121723526536195,0.120912372455374,0.113923636406907,0.102432213815923,0.0926196313241654,0.0836680477203613,0.0755690077256848,0.0683141439419899,0.0647026617792879,0.0603085736142956,0.0523507398381255,0.050362794361777,0.0527306474216127,0.0535199001026676,0.0535198560759804,0.0535198194267119,0.0535197889186323,0.053519763522659,0.0527304368136265,0.0511518081257591,0.0460158581454682,0.0424689500213722,0.0440423281413223,0.0448290138640939,0.0448290068596933,0.0448290009497985,0.0448289961093922,0.0448289920800802,0.044828988725941,0.0440422917970311,0.0424689012455959,0.0365762154710376,0.0314857664483252,0.0271936053295363,0.0221327833215827,0.0170873406507912,0.00937533915616884,0.00747737623360534,0.00980650643581837,0.0105828829490866,0.0105828825820304,0.0105828822773493,0.0105828820277778,0.0105828818172062,0.00980650469646793,0.00825375069904366,0.00325907414153281,-0.000172812336040717,0.00137484626499074,0.00214867555938092,0.00137484613832184,-0.000172812592436511,-0.00513981824513943,-0.00777791107160031,-0.00469273392953662,0.00104066362100186,0.00447016336023109,0.00292250466147737,0.00214867528484275,0.0021486752740234,0.00214867526518159,0.00214867525772489,0.00214867525162266,0.00214867524644102,0.00214867524221285,0.00214867523864282,0.00137484587207259,-0.000172812813422851,-0.00513981842816325,-0.00777791122363158,-0.00469273405578452,0.000268103310600232,0.00214867522593165,-0.00513981843424149,-0.0108630880482408,-0.014485241254734,-0.0171742462977531,-0.0161823954299676,-0.0146881385960276,-0.0144818741753134,-0.0223207706829611,-0.0331640869734424,-0.0340860418470879,-0.0287243339308785,-0.00993403445469809,0.028095658319125,0.0735341493940798,0.101119664529723,0.180520181745525,0.338055607094523,0.527559496361251
-0.0494268395366699,0.109560210248159,0.0570329090506405,0.0169160961401369,0.00610876991925302,0.0204884821754376,0.00737171008061477,-0.0146390644081933,-0.0189311796077209,-0.0198238188373887,-0.018685003438109,-0.0165659309022361,-0.0142030069488319,-0.0172791568505115,-0.0214472385938409,-0.0207768152970429,-0.0198511985429848,-0.0159450422318486,-0.00917392003101458,-0.0028014276215842,0.00316944955704468,0.00852065028561722,0.0101269603740404,0.0057199814514437,-0.000702636918618715,-0.00315644791414016,-0.0025197915373667,-0.00231356854078602,-0.00232398222359453,-0.00212317750287294,-0.00149756756815034,0.00221834250946173,0.00818526508322481,0.0101867792366752,0.0061649033870852,0.0029972702273664,0.0033473259824417,0.00345956308853346,0.00332570446498615,0.00315261401370481,0.00314628473762824,0.003505529586187,0.00667346420556658,0.0117828324190716,0.00966062432302106,0.0013596220159684,-0.00627088663135211,-0.0135132079180096,-0.0206645632131686,-0.0248108883317482,-0.026099554391438,-0.024286810683237,-0.0163102848133736,0.00319486750493159,0.0306125081769846,0.0626815916083352,0.103121160749889,0.15233169348277,0.210822444565511,0.281752579873077,0.365986805528404,0.456247773142511,0.55423434271624,0.665985730765679,0.794459257698565,0.936530989149523,1.09502880963593,1.2696093179792,1.45013657191998,1.64850569171139,1.86738841621951,2.09487640579091,2.33031938823016,2.56433995156366,2.7976124958805,3.02274873613486,3.23718522669835,3.43309902994608,3.57675781681936,3.6777155627509,3.7632989663772,3.81228789224646,3.81977216348067,3.7859593929573,3.72743407201692,3.64602027835305,3.53856162532586,3.42298316293173,3.28325096283346,3.12433644825265,2.96224420256277,2.79785054072238,2.64278684828362,2.48383719683225,2.32308938419234,2.17290930246089,2.0311672271793,1.89683705692404,1.76026977078638,1.6331671840499,1.52311248632655,1.42623094765259,1.33185894860018,1.23299504990073,1.13970944483694,1.05278186502077,0.978015090730729,0.919858723261961,0.862096924300566,0.805225145281352,0.750635734783174,0.698726358311882,0.65511532198563,0.618305095171437,0.581417640514275,0.545376090993536,0.511058323075448,0.483181466764259,0.460532964233862,0.432231718245185,0.404884421675229,0.38428364800789,0.364423346510807,0.350110160264988,0.340314510162514,0.329291276758805,0.31318907576289,0.298120920497399,0.288713049240942,0.278944797238553,0.268389399166749,0.257480106881354,0.241698359135993,0.226914004802682,0.213111968255005,0.203836445981277,0.194620905564396,0.181122008875501,0.177610538488445,0.174111250435162,0.169796937248025,0.169789593589769,0.164665085620674,0.15955740902545,0.155289134802685,0.151034461670025,0.151031495080873,0.145970467164033,0.140925361947301,0.136713470059599,0.132922529764189,0.133737379219603,0.133736384324978,0.132919512565915,0.127918537333668,0.123339618433369,0.122932487231657,0.11715039399209,0.106854140585921,0.0974274173869984,0.0884597811100267,0.0799467891350565,0.0718840463005179,0.0678706308473283,0.0634712780932425,0.0551089278139623,0.0519362893423496,0.0531240211960435,0.0535199001026729,0.0535198560759804,0.0535198194267048,0.0535197889186243,0.0535197635226572,0.0531238105880538,0.0523319294021851,0.0475867469240301,0.0436451668466287,0.0444344004318626,0.0448290138640868,0.0448290068596933,0.0448290009498029,0.0448289961093957,0.0448289920800828,0.0448289887259445,0.0444343640875848,0.0436451180708604,0.0385333350872159,0.0338304295763203,0.029534397781668,0.0248592030612018,0.0201981132945637,0.0120883117229407,0.00902509778037164,0.0101934368503742,0.0105828829490831,0.0105828825820269,0.0105828822773466,0.0105828820277778,0.0105828818172089,0.01019343511103,0.00941454189813618,0.00480425323072931,0.000984169871037111,0.00176050701540431,0.00214867555938847,0.00176050688873897,0.000984169614645758,-0.00359970531270726,-0.00700911643175628,-0.00546152856938642,-0.000499449311432087,0.00331318115315193,0.00253684391106823,0.00214867528484453,0.00214867527402207,0.00214867526517581,0.00214867525771734,0.00214867525161733,0.00214867524643925,0.00214867524221329,0.00214867523864415,0.00176050662247995,0.000984169393648759,-0.00359970549573774,-0.00700911658378445,-0.00546152869562455,-0.000886981427155931,0.00214867522593698,-0.00359970550180888,-0.0085567044784356,-0.0124535288917045,-0.0158760775568445,-0.0159872786170445,-0.0148238479475604,-0.0133139685425259,-0.0195428116139991,-0.0298944676525168,-0.0323003126289931,-0.0312464032904693,-0.0193854005460876,0.0137686831867914,0.0569878447727632,0.0776261766633688,0.139359971649517,0.273968961642343,0.450098879745266
-0.0494268395366699,0.109560210248159,0.0570329090506405,0.0169160961401369,0.00610876991925302,0.0169900519140551,0.000907539769348098,-0.0223519135105672,-0.0233470529419799,-0.0209445956754841,-0.01822328418515,-0.0157338449291231,-0.0143398057622504,-0.0184249275743129,-0.0226488640572837,-0.0208977842969498,-0.0184802166390456,-0.0131998231511226,-0.00539026760786676,0.00133602025207846,0.00697115029229867,0.0109456876997083,0.0101269603740395,0.00364137945885989,-0.00312189740905033,-0.00453723627365132,-0.00286498832419113,-0.0023135685407869,-0.00232398222359365,-0.0017779822850752,-0.000116790079850659,0.00463757465741477,0.010263833157568,0.0105336189478109,0.00512563186003767,0.00195924611255194,0.00300132184731883,0.00345956308853168,0.00332570446498526,0.00315261401370392,0.0034922579147878,0.00488936630816283,0.00875158718449942,0.0128243066992706,0.00827211229146663,-0.00210299655373802,-0.0104155394186982,-0.0173027357497055,-0.0234133815602799,-0.0258401517588807,-0.0247277520840328,-0.0191390889505474,-0.00564069845364568,0.0201866724049236,0.0537506067600599,0.0918084086748401,0.138872799064044,0.19580507368012,0.263251244748922,0.343836379726309,0.437399474759844,0.536515227779355,0.644159997974426,0.767098374849989,0.907645897753717,1.06171696634834,1.23111978565856,1.41514274857026,1.60404611149925,1.81039979246045,2.03608342611857,2.26687659450696,2.50213412113508,2.73310493186341,2.96091363290657,3.17876400693005,3.38209586145652,3.56173243072962,3.68622479146714,3.7689333922228,3.83814328821181,3.8695065483054,3.85840429107313,3.80767815600626,3.73430371676527,3.64031140094064,3.52155931931131,3.3949104337383,3.2444891471612,3.07648339885998,2.90895034865422,2.74154942257959,2.58361444204126,2.4220594316449,2.25994720071526,2.11037901841393,1.96923296686667,1.83458054398185,1.69872955332992,1.57489388364828,1.46952167432076,1.37538324270967,1.2812414757474,1.18192038070505,1.089745155218,1.00689911463113,0.937445187037398,0.883544278554709,0.827766326345019,0.771412953276275,0.718023584782897,0.668648967123509,0.628125172619255,0.593614057702178,0.557656677546771,0.522526215357654,0.490392677588765,0.464621149545894,0.442740834721937,0.41459764423224,0.388030449888856,0.369407978363562,0.352114019457962,0.34031447364966,0.331773312601962,0.320171978806586,0.303512597572519,0.289096437713345,0.280918944348712,0.271775129403391,0.260649077259225,0.24857974430968,0.231663241359088,0.216930442266801,0.204348079375391,0.195684725020042,0.187077230854217,0.174771405988519,0.172999761571423,0.171234403975487,0.167499361025333,0.167492018882377,0.161797980372306,0.156122703346464,0.152431718107809,0.148752388783675,0.14874942280777,0.143122689923879,0.137513790247233,0.133875282263276,0.131222482962341,0.13317069701442,0.133169702171299,0.131219466232694,0.125655620258835,0.121080503101973,0.120108593187569,0.112639747746409,0.100672779729665,0.0907066675811974,0.0817614713337331,0.0738271390549468,0.0668937221943571,0.063442164978027,0.0590501715809646,0.0512532903968124,0.0497367202437697,0.0525741289255368,0.0535199001026658,0.0535198560759813,0.0535198194267146,0.053519788918635,0.0535197635226599,0.0525739183285472,0.0506822526253989,0.0453908210673504,0.042000948057999,0.0438863275031967,0.0448290138640965,0.0448290068596933,0.0448290009497967,0.0448289961093904,0.0448289920800784,0.0448289887259392,0.0438862911608,0.0420008992898664,0.0357975018464467,0.0305528538847293,0.0262622328625692,0.0210479742601537,0.0158496019414436,0.00829588057026909,0.0068615571278996,0.00965255168806456,0.0105828829490875,0.0105828825820322,0.0105828822773502,0.0105828820277778,0.0105828818172053,0.00965254994880205,0.00779188641052464,0.00264426664908424,-0.00063316107381306,0.00122139670076926,0.00214867555937781,0.00122139657410525,-0.000633161330169774,-0.00575260997578919,-0.00808380480921178,-0.00438684019231195,0.00165345534542594,0.00493051209596373,0.00307595422565488,0.00214867528484186,0.0021486752740234,0.00214867526518381,0.00214867525772799,0.00214867525162443,0.00214867524644236,0.00214867524221285,0.00214867523864282,0.00122139630787421,-0.000633161551117034,-0.0057526101587726,-0.0080838049612284,-0.00438684031857672,0.000727697066807753,0.00214867522592987,-0.00575261016485173,-0.0117807696257275,-0.0152936344337467,-0.0176907714105896,-0.0162600299559172,-0.0146341415519395,-0.0149465692087229,-0.0234260866481075,-0.0344650290044561,-0.0347965613023251,-0.0277208335594126,-0.00617342141459476,0.0337962893699206,0.0801178760922419,0.110467832274082,0.196898705153474,0.363555958384477,0.558377354260688
9.31968075028548,,,,,,,,,,,,,,,,,,,,,,,,,,,,,,,,,,,,,,,,,,,,,,,,,,,,,,,,,,,,,,,,,,,,,,,,,,,,,,,,,,,,,,,,,,,,,,,,,,,,,,,,,,,,,,,,,,,,,,,,,,,,,,,,,,,,,,,,,,,,,,,,,,,,,,,,,,,,,,,,,,,,,,,,,,,,,,,,,,,,,,,,,,,,,,,,,,,,,,,,,,,,,,,,,,,,,,,,,,,,,,,,,,,,,,,,,,,,,,,,,,,,,
24,,,,,,,,,,,,,,,,,,,,,,,,,,,,,,,,,,,,,,,,,,,,,,,,,,,,,,,,,,,,,,,,,,,,,,,,,,,,,,,,,,,,,,,,,,,,,,,,,,,,,,,,,,,,,,,,,,,,,,,,,,,,,,,,,,,,,,,,,,,,,,,,,,,,,,,,,,,,,,,,,,,,,,,,,,,,,,,,,,,,,,,,,,,,,,,,,,,,,,,,,,,,,,,,,,,,,,,,,,,,,,,,,,,,,,,,,,,,,,,,,,,,,
10.1205159182618,,,,,,,,,,,,,,,,,,,,,,,,,,,,,,,,,,,,,,,,,,,,,,,,,,,,,,,,,,,,,,,,,,,,,,,,,,,,,,,,,,,,,,,,,,,,,,,,,,,,,,,,,,,,,,,,,,,,,,,,,,,,,,,,,,,,,,,,,,,,,,,,,,,,,,,,,,,,,,,,,,,,,,,,,,,,,,,,,,,,,,,,,,,,,,,,,,,,,,,,,,,,,,,,,,,,,,,,,,,,,,,,,,,,,,,,,,,,,,,,,,,,,
3.24923702907926,,,,,,,,,,,,,,,,,,,,,,,,,,,,,,,,,,,,,,,,,,,,,,,,,,,,,,,,,,,,,,,,,,,,,,,,,,,,,,,,,,,,,,,,,,,,,,,,,,,,,,,,,,,,,,,,,,,,,,,,,,,,,,,,,,,,,,,,,,,,,,,,,,,,,,,,,,,,,,,,,,,,,,,,,,,,,,,,,,,,,,,,,,,,,,,,,,,,,,,,,,,,,,,,,,,,,,,,,,,,,,,,,,,,,,,,,,,,,,,,,,,,,
0.958605385320858,,,,,,,,,,,,,,,,,,,,,,,,,,,,,,,,,,,,,,,,,,,,,,,,,,,,,,,,,,,,,,,,,,,,,,,,,,,,,,,,,,,,,,,,,,,,,,,,,,,,,,,,,,,,,,,,,,,,,,,,,,,,,,,,,,,,,,,,,,,,,,,,,,,,,,,,,,,,,,,,,,,,,,,,,,,,,,,,,,,,,,,,,,,,,,,,,,,,,,,,,,,,,,,,,,,,,,,,,,,,,,,,,,,,,,,,,,,,,,,,,,,,,
0.0278981605793006,,,,,,,,,,,,,,,,,,,,,,,,,,,,,,,,,,,,,,,,,,,,,,,,,,,,,,,,,,,,,,,,,,,,,,,,,,,,,,,,,,,,,,,,,,,,,,,,,,,,,,,,,,,,,,,,,,,,,,,,,,,,,,,,,,,,,,,,,,,,,,,,,,,,,,,,,,,,,,,,,,,,,,,,,,,,,,,,,,,,,,,,,,,,,,,,,,,,,,,,,,,,,,,,,,,,,,,,,,,,,,,,,,,,,,,,,,,,,,,,,,,,,
0.0177600517238186,,,,,,,,,,,,,,,,,,,,,,,,,,,,,,,,,,,,,,,,,,,,,,,,,,,,,,,,,,,,,,,,,,,,,,,,,,,,,,,,,,,,,,,,,,,,,,,,,,,,,,,,,,,,,,,,,,,,,,,,,,,,,,,,,,,,,,,,,,,,,,,,,,,,,,,,,,,,,,,,,,,,,,,,,,,,,,,,,,,,,,,,,,,,,,,,,,,,,,,,,,,,,,,,,,,,,,,,,,,,,,,,,,,,,,,,,,,,,,,,,,,,,
24.228507079593,,,,,,,,,,,,,,,,,,,,,,,,,,,,,,,,,,,,,,,,,,,,,,,,,,,,,,,,,,,,,,,,,,,,,,,,,,,,,,,,,,,,,,,,,,,,,,,,,,,,,,,,,,,,,,,,,,,,,,,,,,,,,,,,,,,,,,,,,,,,,,,,,,,,,,,,,,,,,,,,,,,,,,,,,,,,,,,,,,,,,,,,,,,,,,,,,,,,,,,,,,,,,,,,,,,,,,,,,,,,,,,,,,,,,,,,,,,,,,,,,,,,,
0.430299538924476,,,,,,,,,,,,,,,,,,,,,,,,,,,,,,,,,,,,,,,,,,,,,,,,,,,,,,,,,,,,,,,,,,,,,,,,,,,,,,,,,,,,,,,,,,,,,,,,,,,,,,,,,,,,,,,,,,,,,,,,,,,,,,,,,,,,,,,,,,,,,,,,,,,,,,,,,,,,,,,,,,,,,,,,,,,,,,,,,,,,,,,,,,,,,,,,,,,,,,,,,,,,,,,,,,,,,,,,,,,,,,,,,,,,,,,,,,,,,,,,,,,,,
0.0303524461895356,,,,,,,,,,,,,,,,,,,,,,,,,,,,,,,,,,,,,,,,,,,,,,,,,,,,,,,,,,,,,,,,,,,,,,,,,,,,,,,,,,,,,,,,,,,,,,,,,,,,,,,,,,,,,,,,,,,,,,,,,,,,,,,,,,,,,,,,,,,,,,,,,,,,,,,,,,,,,,,,,,,,,,,,,,,,,,,,,,,,,,,,,,,,,,,,,,,,,,,,,,,,,,,,,,,,,,,,,,,,,,,,,,,,,,,,,,,,,,,,,,,,,
0.492252447552448,,,,,,,,,,,,,,,,,,,,,,,,,,,,,,,,,,,,,,,,,,,,,,,,,,,,,,,,,,,,,,,,,,,,,,,,,,,,,,,,,,,,,,,,,,,,,,,,,,,,,,,,,,,,,,,,,,,,,,,,,,,,,,,,,,,,,,,,,,,,,,,,,,,,,,,,,,,,,,,,,,,,,,,,,,,,,,,,,,,,,,,,,,,,,,,,,,,,,,,,,,,,,,,,,,,,,,,,,,,,,,,,,,,,,,,,,,,,,,,,,,,,,
0.695574110671937,,,,,,,,,,,,,,,,,,,,,,,,,,,,,,,,,,,,,,,,,,,,,,,,,,,,,,,,,,,,,,,,,,,,,,,,,,,,,,,,,,,,,,,,,,,,,,,,,,,,,,,,,,,,,,,,,,,,,,,,,,,,,,,,,,,,,,,,,,,,,,,,,,,,,,,,,,,,,,,,,,,,,,,,,,,,,,,,,,,,,,,,,,,,,,,,,,,,,,,,,,,,,,,,,,,,,,,,,,,,,,,,,,,,,,,,,,,,,,,,,,,,,
0.707692307692308,,,,,,,,,,,,,,,,,,,,,,,,,,,,,,,,,,,,,,,,,,,,,,,,,,,,,,,,,,,,,,,,,,,,,,,,,,,,,,,,,,,,,,,,,,,,,,,,,,,,,,,,,,,,,,,,,,,,,,,,,,,,,,,,,,,,,,,,,,,,,,,,,,,,,,,,,,,,,,,,,,,,,,,,,,,,,,,,,,,,,,,,,,,,,,,,,,,,,,,,,,,,,,,,,,,,,,,,,,,,,,,,,,,,,,,,,,,,,,,,,,,,,
0.695671989197231,,,,,,,,,,,,,,,,,,,,,,,,,,,,,,,,,,,,,,,,,,,,,,,,,,,,,,,,,,,,,,,,,,,,,,,,,,,,,,,,,,,,,,,,,,,,,,,,,,,,,,,,,,,,,,,,,,,,,,,,,,,,,,,,,,,,,,,,,,,,,,,,,,,,,,,,,,,,,,,,,,,,,,,,,,,,,,,,,,,,,,,,,,,,,,,,,,,,,,,,,,,,,,,,,,,,,,,,,,,,,,,,,,,,,,,,,,,,,,,,,,,,,
4.05638932001002,,,,,,,,,,,,,,,,,,,,,,,,,,,,,,,,,,,,,,,,,,,,,,,,,,,,,,,,,,,,,,,,,,,,,,,,,,,,,,,,,,,,,,,,,,,,,,,,,,,,,,,,,,,,,,,,,,,,,,,,,,,,,,,,,,,,,,,,,,,,,,,,,,,,,,,,,,,,,,,,,,,,,,,,,,,,,,,,,,,,,,,,,,,,,,,,,,,,,,,,,,,,,,,,,,,,,,,,,,,,,,,,,,,,,,,,,,,,,,,,,,,,,
3.98418449540756,,,,,,,,,,,,,,,,,,,,,,,,,,,,,,,,,,,,,,,,,,,,,,,,,,,,,,,,,,,,,,,,,,,,,,,,,,,,,,,,,,,,,,,,,,,,,,,,,,,,,,,,,,,,,,,,,,,,,,,,,,,,,,,,,,,,,,,,,,,,,,,,,,,,,,,,,,,,,,,,,,,,,,,,,,,,,,,,,,,,,,,,,,,,,,,,,,,,,,,,,,,,,,,,,,,,,,,,,,,,,,,,,,,,,,,,,,,,,,,,,,,,,
10.3769052633774,,,,,,,,,,,,,,,,,,,,,,,,,,,,,,,,,,,,,,,,,,,,,,,,,,,,,,,,,,,,,,,,,,,,,,,,,,,,,,,,,,,,,,,,,,,,,,,,,,,,,,,,,,,,,,,,,,,,,,,,,,,,,,,,,,,,,,,,,,,,,,,,,,,,,,,,,,,,,,,,,,,,,,,,,,,,,,,,,,,,,,,,,,,,,,,,,,,,,,,,,,,,,,,,,,,,,,,,,,,,,,,,,,,,,,,,,,,,,,,,,,,,,
1.01812286170123,,,,,,,,,,,,,,,,,,,,,,,,,,,,,,,,,,,,,,,,,,,,,,,,,,,,,,,,,,,,,,,,,,,,,,,,,,,,,,,,,,,,,,,,,,,,,,,,,,,,,,,,,,,,,,,,,,,,,,,,,,,,,,,,,,,,,,,,,,,,,,,,,,,,,,,,,,,,,,,,,,,,,,,,,,,,,,,,,,,,,,,,,,,,,,,,,,,,,,,,,,,,,,,,,,,,,,,,,,,,,,,,,,,,,,,,,,,,,,,,,,,,,
0.725620718534007,,,,,,,,,,,,,,,,,,,,,,,,,,,,,,,,,,,,,,,,,,,,,,,,,,,,,,,,,,,,,,,,,,,,,,,,,,,,,,,,,,,,,,,,,,,,,,,,,,,,,,,,,,,,,,,,,,,,,,,,,,,,,,,,,,,,,,,,,,,,,,,,,,,,,,,,,,,,,,,,,,,,,,,,,,,,,,,,,,,,,,,,,,,,,,,,,,,,,,,,,,,,,,,,,,,,,,,,,,,,,,,,,,,,,,,,,,,,,,,,,,,,,
0.517153909519451,,,,,,,,,,,,,,,,,,,,,,,,,,,,,,,,,,,,,,,,,,,,,,,,,,,,,,,,,,,,,,,,,,,,,,,,,,,,,,,,,,,,,,,,,,,,,,,,,,,,,,,,,,,,,,,,,,,,,,,,,,,,,,,,,,,,,,,,,,,,,,,,,,,,,,,,,,,,,,,,,,,,,,,,,,,,,,,,,,,,,,,,,,,,,,,,,,,,,,,,,,,,,,,,,,,,,,,,,,,,,,,,,,,,,,,,,,,,,,,,,,,,,
0.526526218299922,,,,,,,,,,,,,,,,,,,,,,,,,,,,,,,,,,,,,,,,,,,,,,,,,,,,,,,,,,,,,,,,,,,,,,,,,,,,,,,,,,,,,,,,,,,,,,,,,,,,,,,,,,,,,,,,,,,,,,,,,,,,,,,,,,,,,,,,,,,,,,,,,,,,,,,,,,,,,,,,,,,,,,,,,,,,,,,,,,,,,,,,,,,,,,,,,,,,,,,,,,,,,,,,,,,,,,,,,,,,,,,,,,,,,,,,,,,,,,,,,,,,,
311.332621815135,,,,,,,,,,,,,,,,,,,,,,,,,,,,,,,,,,,,,,,,,,,,,,,,,,,,,,,,,,,,,,,,,,,,,,,,,,,,,,,,,,,,,,,,,,,,,,,,,,,,,,,,,,,,,,,,,,,,,,,,,,,,,,,,,,,,,,,,,,,,,,,,,,,,,,,,,,,,,,,,,,,,,,,,,,,,,,,,,,,,,,,,,,,,,,,,,,,,,,,,,,,,,,,,,,,,,,,,,,,,,,,,,,,,,,,,,,,,,,,,,,,,,
321.481133601321,,,,,,,,,,,,,,,,,,,,,,,,,,,,,,,,,,,,,,,,,,,,,,,,,,,,,,,,,,,,,,,,,,,,,,,,,,,,,,,,,,,,,,,,,,,,,,,,,,,,,,,,,,,,,,,,,,,,,,,,,,,,,,,,,,,,,,,,,,,,,,,,,,,,,,,,,,,,,,,,,,,,,,,,,,,,,,,,,,,,,,,,,,,,,,,,,,,,,,,,,,,,,,,,,,,,,,,,,,,,,,,,,,,,,,,,,,,,,,,,,,,,,
1.03259700742896,,,,,,,,,,,,,,,,,,,,,,,,,,,,,,,,,,,,,,,,,,,,,,,,,,,,,,,,,,,,,,,,,,,,,,,,,,,,,,,,,,,,,,,,,,,,,,,,,,,,,,,,,,,,,,,,,,,,,,,,,,,,,,,,,,,,,,,,,,,,,,,,,,,,,,,,,,,,,,,,,,,,,,,,,,,,,,,,,,,,,,,,,,,,,,,,,,,,,,,,,,,,,,,,,,,,,,,,,,,,,,,,,,,,,,,,,,,,,,,,,,,,,
0.730760959103572,,,,,,,,,,,,,,,,,,,,,,,,,,,,,,,,,,,,,,,,,,,,,,,,,,,,,,,,,,,,,,,,,,,,,,,,,,,,,,,,,,,,,,,,,,,,,,,,,,,,,,,,,,,,,,,,,,,,,,,,,,,,,,,,,,,,,,,,,,,,,,,,,,,,,,,,,,,,,,,,,,,,,,,,,,,,,,,,,,,,,,,,,,,,,,,,,,,,,,,,,,,,,,,,,,,,,,,,,,,,,,,,,,,,,,,,,,,,,,,,,,,,,
1.66061108356947e-10,,,,,,,,,,,,,,,,,,,,,,,,,,,,,,,,,,,,,,,,,,,,,,,,,,,,,,,,,,,,,,,,,,,,,,,,,,,,,,,,,,,,,,,,,,,,,,,,,,,,,,,,,,,,,,,,,,,,,,,,,,,,,,,,,,,,,,,,,,,,,,,,,,,,,,,,,,,,,,,,,,,,,,,,,,,,,,,,,,,,,,,,,,,,,,,,,,,,,,,,,,,,,,,,,,,,,,,,,,,,,,,,,,,,,,,,,,,,,,,,,,,,,
